Ticker,Segmento,DY_Anual,P_VP,Liquidez_Diaria,Vacancia,Patrimonio,Perfil_Risco,Perfil_Ideal_Investidor,Liquidez_Patrimonio,Desconto_VP,DY_por_Vacancia,Indice_Valor,Log_Patrimonio,Log_Liquidez,Score_Risco
AAZQ11,Outros,0.0394,0.86,436511.0,0.0,177876000.0,Médio,Moderado,0.0024540185297623,0.14,3.94,0.045813953488372,18.99659724190589,12.986571145292848,52.0
ABCP11,Shoppings,0.1002,0.68,70361.0,0.015,356289000.0,Médio,Moderado,0.0001974829422182,0.3199999999999999,4.008,0.1473529411764705,19.69125276004625,11.16140862368912,42.25
ADSH11,Multicategoria,0.0149,1.06,17610100.0,0.1235,494701000.0,Médio,Moderado,0.0355974619012292,-0.06,0.1116104868913857,0.0140566037735849,20.019464099644445,16.683983215833567,60.52
AEFI11,Outros,0.0,1.75,0.0,0.0,411893000.0,Médio,Moderado,0.0,-0.75,0.0,0.0,19.8362741672736,0.0,62.0
AERO11,Logística,0.0,1.03,0.0,0.0,62732400.0,Baixo,Conservador,0.0,-0.03,0.0,0.0,17.95438863448791,0.0,34.0
AFCR11,Multicategoria,0.0,1.07,0.0,0.0,498867000.0,Médio,Moderado,0.0,-0.07,0.0,0.0,20.027850087127952,0.0,42.0
AFHF11,Outros,0.1377,0.98,131216.0,0.0,49950000.0,Baixo,Conservador,0.0026269469469469,0.02,13.769999999999998,0.1405102040816326,17.726533083078856,11.78460772026898,34.0
AFHI11,Multicategoria,0.1248,1.0,590873.0,0.0,458900000.0,Baixo,Conservador,0.0012875855306166,0.0,12.48,0.1248,19.944342881544188,13.289358075688774,32.0
AFOF11,Títulos e Val. Mob.,0.0,12.28,0.0,0.0,1390540000.0,Médio,Moderado,0.0,-11.28,0.0,0.0,21.0529579985744,0.0,45.0
AGCX11,Varejo,0.0,11.57,0.0,0.0385999999999999,19291500000.0,Médio,Moderado,0.0,-10.57,0.0,0.0,23.682930421390363,0.0,62.79
AGRX11,Outros,0.0509,0.79,354657.0,0.0,148417000.0,Médio,Moderado,0.0023895982266182,0.2099999999999999,5.09,0.0644303797468354,18.81553644413044,12.778909223826826,42.0
AIEC11,Escritórios,0.0677,0.79,1075110.0,0.0,289982000.0,Médio,Moderado,0.0037075059831299,0.2099999999999999,6.77,0.0856962025316455,19.485329413501407,13.88793447002734,44.0
AJFI11,Shoppings,0.0711,0.77,1484600.0,0.033,287502000.0,Médio,Moderado,0.0051637901649379,0.2299999999999999,1.6534883720930231,0.0923376623376623,19.476740378177457,14.210656607247468,42.95
ALMI11,Escritórios,0.0689,0.3,12161.0,0.4379999999999999,68362700.0,Alto,Arrojado,0.0001778894046022,0.7,0.1537946428571428,0.2296666666666666,18.04033792684129,9.406071615680055,84.0
ALZC11,Multicategoria,0.1603,0.8,339728.0,0.0,147641000.0,Médio,Moderado,0.0023010410387358,0.1999999999999999,16.03,0.200375,18.810294216108502,12.735903519948538,50.0
ALZM11,Títulos e Val. Mob.,0.0,0.86,0.0,0.0,97155500.0,Médio,Moderado,0.0,0.14,0.0,0.0,18.39182335596232,0.0,44.0
ALZR11,Multicategoria,0.0993999999999999,0.96,2878690.0,0.1246,1659460000.0,Baixo,Conservador,0.0017347149072589,0.04,0.738484398216939,0.1035416666666666,21.22975808579073,14.872846234900493,33.69
ALZT11,Títulos e Val. Mob.,0.0,0.79,0.0,0.0,16500000.0,Médio,Moderado,0.0,0.2099999999999999,0.0,0.0,16.61887099947687,0.0,44.0
ANCR11,Shoppings,0.0034999999999999,3.42,2830.0,0.0473,14268900000.0,Médio,Moderado,1.9833343845706401e-07,-2.42,0.0610820244328097,0.0010233918128654,23.38134818074078,7.9483852851118995,56.09
APTO11,Residencial,0.1266,0.84,13582.0,0.0,38050900.0,Médio,Moderado,0.0003569429369607,0.16,12.659999999999998,0.1507142857142857,17.45443532136087,9.51657428982249,45.0
APXM11,Shoppings,0.0575,0.63,30782.0,0.0,223502000.0,Médio,Moderado,0.0001377258369052,0.37,5.75,0.0912698412698412,19.224930924997956,10.33471786853032,48.0
ARCT11,Multicategoria,0.0,0.86,0.0,0.0,368999000.0,Médio,Moderado,0.0,0.14,0.0,0.0,19.726304494684065,0.0,50.0
AROA11,Multicategoria,0.0687,1.32,44165.0,0.0,211588000.0,Médio,Moderado,0.000208731118967,-0.32,6.869999999999999,0.0520454545454545,19.170151550291425,10.69571054128676,50.0
ARRI11,Multicategoria,0.2196,0.54,357572.0,0.0,94929500.0,Médio,Moderado,0.003766711085595,0.4599999999999999,21.96,0.4066666666666667,18.368645079339373,12.78709481607527,60.0
ARTE11,Residencial,0.0282,0.8,56669.0,0.0,79797000.0,Médio,Moderado,0.0007101645425266,0.1999999999999999,2.82,0.03525,18.1949964802602,10.945000249163664,55.0
ARXD11,Multicategoria,0.1365,0.87,44702.0,0.0,69150200.0,Médio,Moderado,0.0006464478772295,0.13,13.65,0.1568965517241379,18.05179152279533,10.70779589244357,40.0
ASMT11,Outros,0.0,0.41,518.0,0.0,70113800.0,Médio,Moderado,7.387989240349261e-06,0.5900000000000001,0.0,0.0,18.065630208518886,6.251903883165888,62.0
ASRF11,Multicategoria,0.0,1.15,0.0,0.0,43896000.0,Médio,Moderado,0.0,-0.1499999999999999,0.0,0.0,17.597333780502066,0.0,50.0
ATSA11,Shoppings,0.0487999999999999,0.77,7591.0,0.1568,99850100.0,Alto,Arrojado,7.602395991591395e-05,0.2299999999999999,0.2925659472422062,0.0633766233766233,18.41918062934286,8.934850340289763,71.52
AURB11,Logística,0.0521999999999999,1.01,1195400.0,0.0579,88165300.0,Baixo,Conservador,0.0135586222697591,-0.01,0.7687776141384388,0.0516831683168316,18.294724030871528,13.993992251912012,32.69
AVUR11,Multicategoria,0.0667,0.98,0.0,0.0,24259700.0,Baixo,Conservador,0.0,0.02,6.669999999999999,0.0680612244897959,17.00432713658972,0.0,32.0
AZPL11,Logística,0.1189,0.89,451505.0,0.0,321128000.0,Baixo,Conservador,0.0014059969856256,0.1099999999999999,11.89,0.1335955056179775,19.587350358621187,13.020343940787424,24.0
BARI11,Outros,0.0351,1.01,0.0,0.0,367028000.0,Médio,Moderado,0.0,-0.01,3.51,0.0347524752475247,19.7209487001111,0.0,44.0
BBFI11,Escritórios,0.9906,18.55,0.0,0.0,81770000.0,Médio,Moderado,0.0,-17.55,99.06,0.0534016172506738,18.219420998367585,0.0,64.0
BBFO11,Multicategoria,0.1369,0.91,551809.0,0.0,279072000.0,Baixo,Conservador,0.0019772997649352,0.0899999999999999,13.69,0.1504395604395604,19.446980374592155,13.220959063109268,32.0
BBGO11,Outros,0.06,0.74,515346.0,0.0,274954000.0,Médio,Moderado,0.0018742989736465,0.26,6.0,0.081081081081081,19.432114372548902,13.152595739161493,42.0
BBIG11,Shoppings,0.1416,0.68,945731.0,0.0107,643295000.0,Médio,Moderado,0.0014701357852929,0.3199999999999999,6.840579710144927,0.208235294117647,20.28211396548208,13.759714509800276,44.61
BBPO11,Escritórios,0.0,0.95,0.0,0.0144,1540230000.0,Médio,Moderado,0.0,0.05,0.0,0.0,21.155197593518857,0.0,39.16
BBRC11,Outros,0.128,1.0,96378.0,0.1253,166775000.0,Médio,Moderado,0.0005778923699595,0.0,0.9460458240946046,0.128,18.932156162555955,11.4760436145439,52.8
BBVJ11,Escritórios,0.0,0.86,0.0,0.437,197789000.0,Alto,Arrojado,0.0,0.14,0.0,0.0,19.10271136893337,0.0,84.0
BCFF11,Títulos e Val. Mob.,0.0,0.84,0.0,0.0,1480960000.0,Médio,Moderado,0.0,0.16,0.0,0.0,21.115956363764717,0.0,35.0
BCIA11,Multicategoria,0.1231,0.87,585418.0,0.0,334713000.0,Médio,Moderado,0.0017490148276284,0.13,12.31,0.1414942528735632,19.62878400916782,13.280083109153264,40.0
BCRI11,Outros,0.1586999999999999,0.71,483708.0,0.0,380416000.0,Médio,Moderado,0.0012715238055181,0.29,15.869999999999996,0.2235211267605633,19.756775951368105,13.089238765212295,52.0
BFCC11,Escritórios,0.0336,1.03,5.0,0.0,859589000.0,Médio,Moderado,5.816733345819921e-09,-0.03,3.36,0.0326213592233009,20.57196492716449,1.791759469228055,41.0
BGRB11,Escritórios,0.0553,0.99,5989.0,0.0285,225206000.0,Médio,Moderado,2.6593430015186092e-05,0.01,1.4363636363636365,0.0558585858585858,19.232526101299285,8.697846691109495,40.27
BICE11,Residencial,0.0688,0.7,5591.0,0.0,101950000.0,Médio,Moderado,5.484060814124571e-05,0.3,6.88,0.0982857142857142,18.43999306479347,8.629092283913646,45.0
BICR11,Títulos e Val. Mob.,0.0642,0.86,0.0,0.0,17960000.0,Baixo,Conservador,0.0,0.14,6.419999999999999,0.0746511627906976,16.703657676517615,0.0,34.0
BIME11,Outros,0.1588,0.67,39095.0,0.0,32735400.0,Médio,Moderado,0.0011942728666825,0.3299999999999999,15.88,0.2370149253731343,17.303967649667744,10.57377543894999,62.0
BIPD11,Residencial,0.0667,1.04,0.0,0.0,109261000.0,Médio,Moderado,0.0,-0.04,6.669999999999999,0.0641346153846153,18.50925008252268,0.0,37.0
BLCA11,Escritórios,0.0643,0.79,728520.0,0.0,159520000.0,Médio,Moderado,0.0045669508525576,0.2099999999999999,6.43,0.0813924050632911,18.887679870446608,13.49877173055745,44.0
BLCP11,Logística,0.0,0.81,0.0,0.0,208962000.0,Médio,Moderado,0.0,0.1899999999999999,0.0,0.0,19.15766298000189,0.0,42.0
BLMC11,Títulos e Val. Mob.,0.0,0.91,0.0,0.0,34257100.0,Médio,Moderado,0.0,0.0899999999999999,0.0,0.0,17.349404429650086,0.0,36.0
BLMG11,Multicategoria,0.1447,0.66,317055.0,0.0,145097000.0,Médio,Moderado,0.0021851244339993,0.3399999999999999,14.47,0.2192424242424242,18.79291304913634,12.666833693408975,50.0
BLMO11,Escritórios,0.0735,0.88,368331.0,0.0771999999999999,86260300.0,Médio,Moderado,0.0042699944238543,0.12,0.8428899082568808,0.0835227272727272,18.272880038628383,12.816739984349828,55.58
BLMR11,Títulos e Val. Mob.,0.0,0.84,0.0,0.0,173172000.0,Médio,Moderado,0.0,0.16,0.0,0.0,18.969795883980822,0.0,44.0
BLOG11,Multicategoria,0.0194,0.59,101.0,0.128,205414000.0,Alto,Arrojado,4.916899529730204e-07,0.41,0.1405797101449275,0.0328813559322033,19.140538017692595,4.624972813284271,79.2
BLUR11,Títulos e Val. Mob.,0.0,0.99,0.0,0.0,6842700.0,Médio,Moderado,0.0,0.01,0.0,0.0,15.73869309469388,0.0,36.0
BMLC11,Outros,0.0823,0.93,94725.0,0.0,102227000.0,Baixo,Conservador,0.000926614299549,0.0699999999999999,8.23,0.0884946236559139,18.442706398491488,11.458743792706244,26.0
BNFS11,Varejo,0.2269999999999999,0.58,52332.0,0.0148,28168000.0,Alto,Arrojado,0.0018578528827037,0.42,9.15322580645161,0.3913793103448276,17.153697175318303,10.8653824262153,68.22
BPFF11,Outros,0.0513,0.78,0.0,0.0,244922000.0,Médio,Moderado,0.0,0.2199999999999999,5.13,0.0657692307692307,19.316450354555357,0.0,42.0
BPML11,Multicategoria,0.1238,0.72,1375300.0,0.0823,664176000.0,Médio,Moderado,0.0020706860832068,0.28,1.3412784398699893,0.1719444444444444,20.31405773406504,14.134183174216618,47.34
BPRP11,Outros,0.0,0.86,0.0,0.0,145107000.0,Médio,Moderado,0.0,0.14,0.0,0.0,18.792981966173564,0.0,52.0
BRCO11,Logística,0.093,1.0,7672210.0,0.1261999999999999,2091190000.0,Baixo,Conservador,0.0036688249274336,0.0,0.6828193832599121,0.093,21.460999119357613,15.853115397774104,25.93
BRCR11,Multicategoria,0.1104,0.52,2160560.0,0.0293,1176080000.0,Médio,Moderado,0.0018370859125229,0.48,2.8091603053435112,0.2123076923076922,20.885452712170267,14.585878468160592,37.39
BREV11,Híbrido,0.0,0.0,0.0,0.0,101556000.0,Médio,Moderado,0.0,1.0,0.0,0.0,18.436120938287026,0.0,56.0
BRIM11,Residencial,0.0,60.15,10285.0,0.0,11793000.0,Alto,Arrojado,0.0008721275332824,-59.15,0.0,0.0,16.28301677786817,9.23853902633486,65.0
BRIP11,Residencial,0.0,0.77,2275.0,0.0,78648400.0,Médio,Moderado,2.892620828904339e-05,0.2299999999999999,0.0,0.0,18.18049785668338,7.730174795246222,55.0
BRLA11,Logística,0.0533,0.89,0.0,0.0,724795000.0,Baixo,Conservador,0.0,0.1099999999999999,5.33,0.0598876404494382,20.4013994155942,0.0,27.0
BROF11,Multicategoria,0.1162,0.5,1149580.0,0.7264,637085000.0,Alto,Arrojado,0.0018044373984633,0.5,0.1577946768060836,0.2324,20.27241364419461,13.95490808612255,67.0
BTAL11,Logística,0.0807,0.75,640816.0,0.0,522353000.0,Baixo,Conservador,0.0012267872492356,0.25,8.07,0.1076,20.07385416442129,13.370499203722716,19.0
BTCI11,Outros,0.124,0.91,3100910.0,0.0,920571000.0,Baixo,Conservador,0.0033684637035057,0.0899999999999999,12.4,0.1362637362637362,20.64050468874265,14.947206497251502,29.0
BTCR11,Títulos e Val. Mob.,0.0,0.92,0.0,0.0,423289000.0,Médio,Moderado,0.0,0.0799999999999999,0.0,0.0,19.86356572121782,0.0,36.0
BTHF11,Outros,0.1231,0.92,3059390.0,0.0,1908200000.0,Baixo,Conservador,0.0016032858190965,0.0799999999999999,12.31,0.1338043478260869,21.369426226806077,14.93372643451369,25.0
BTHI11,Hotel,0.1072,0.68,30750.0,0.0,407735000.0,Médio,Moderado,7.541663089997179e-05,0.3199999999999999,10.72,0.1576470588235294,19.82612801399421,10.333677793031091,50.0
BTLG11,Multicategoria,0.0914,1.0,13836600.0,0.0506,5489370000.0,Baixo,Conservador,0.0025206171199973,0.0,1.5082508250825084,0.0914,22.426079331966903,16.442827885505476,22.59
BTML11,Shoppings,0.1009,0.86,0.0,0.0969999999999999,126206000.0,Médio,Moderado,0.0,0.14,0.9429906542056076,0.1173255813953488,18.6534260584464,0.0,44.55
BTRA11,Outros,0.0615,0.53,239682.0,0.0576,201874000.0,Médio,Moderado,0.0011872851382545,0.47,0.9097633136094676,0.1160377358490566,19.12315430332214,12.387072495921576,60.64
BTSG11,Logística,0.0615,0.94,0.0,0.0,113865000.0,Baixo,Conservador,0.0,0.06,6.15,0.0654255319148936,18.550524102883447,0.0,24.0
BTSI11,Outros,0.0868999999999999,0.89,9326.0,0.0,701136000.0,Baixo,Conservador,1.3301271080075762e-05,0.1099999999999999,8.69,0.0976404494382022,20.36821243616709,9.140668698726865,29.0
BTWR11,Escritórios,0.0892999999999999,0.77,9705.0,0.08,74161500.0,Médio,Moderado,0.0001308630488865,0.2299999999999999,0.992222222222222,0.1159740259740259,18.12175571903862,9.18049952996516,48.0
BTYU11,Outros,0.1567,0.74,7979.0,0.0,228000000.0,Médio,Moderado,3.499561403508772e-05,0.26,15.67,0.2117567567567567,19.24485619130468,8.984693690443855,52.0
BVAR11,Varejo,0.1138,1.79,0.0,0.3324,788737000.0,Alto,Arrojado,0.0,-0.79,0.3323598130841121,0.0635754189944134,20.48594349117676,0.0,73.0
CACR11,Multicategoria,0.5107,0.27,3339090.0,0.0,123810000.0,Médio,Moderado,0.0269694693481948,0.73,51.07,1.891481481481481,18.634258698473765,15.02120917222318,60.0
CARE11,Multicategoria,0.0,0.09,15909.0,0.0,23332000.0,Médio,Moderado,0.000681853248757,0.91,0.0,0.0,16.965336409715256,9.674703121331833,60.0
CBOP11,Escritórios,0.0575,0.45,9597.0,0.2319999999999999,46383700.0,Alto,Arrojado,0.0002069045807039,0.55,0.2376033057851239,0.1277777777777778,17.652458683934455,9.169310022418191,84.0
CCME11,Multicategoria,0.114,0.83,389114.0,0.2263,599326000.0,Médio,Moderado,0.0006492526604886,0.17,0.482437579348286,0.1373493975903614,20.21131625010384,12.87163020873075,57.0
CCRF11,Títulos e Val. Mob.,0.0,0.95,0.0,0.0,145401000.0,Médio,Moderado,0.0,0.05,0.0,0.0,18.795006007496667,0.0,36.0
CCVA11,Hospital,0.0702,0.98,0.0,0.0311,62816300.0,Baixo,Conservador,0.0,0.02,1.708029197080292,0.0716326530612244,17.95572516781964,0.0,30.66
CEOC11,Escritórios,0.1336999999999999,0.61,29514.0,0.0,75133500.0,Médio,Moderado,0.0003928207790133,0.39,13.369999999999996,0.2191803278688524,18.13477710248764,10.29265388767479,54.0
CFHI11,Multicategoria,0.349,0.76,0.0,0.0,1901460.0,Médio,Moderado,0.0,0.24,34.9,0.4592105263157894,14.45813309601653,0.0,50.0
CFII11,Multicategoria,0.2051,1.23,103.0,0.0,77686200.0,Médio,Moderado,1.32584680419431e-06,-0.2299999999999999,20.51,0.1667479674796748,18.168188206258723,4.6443908991413725,50.0
CJCT11,Escritórios,0.0448,0.89,21353.0,0.27,207209000.0,Alto,Arrojado,0.0001030505431713,0.1099999999999999,0.16,0.0503370786516854,19.149238508525755,9.968994354738248,84.0
CLIN11,Outros,0.1275,0.93,3222310.0,0.0,398859000.0,Baixo,Conservador,0.0080788198335752,0.0699999999999999,12.75,0.1370967741935483,19.804118531447997,14.985609361959124,34.0
CNES11,Escritórios,0.0663,0.22,36024.0,0.5463,48471500.0,Alto,Arrojado,0.0007431996121432,0.78,0.1191802984001438,0.3013636363636364,17.696486574950903,10.491968420867725,84.0
COPP11,Outros,0.0,0.94,0.0,0.18,290462000.0,Alto,Arrojado,0.0,0.06,0.0,0.0,19.486983320192707,0.0,71.0
CORM11,Outros,0.0,0.85,0.0,0.0,87581800.0,Médio,Moderado,0.0,0.15,0.0,0.0,18.28808378318181,0.0,52.0
CPFF11,Títulos e Val. Mob.,0.0,1.12,0.0,0.0,75470800.0,Médio,Moderado,0.0,-0.1200000000000001,0.0,0.0,18.139256397693533,0.0,44.0
CPLG11,Logística,0.1202999999999999,1.07,3167730.0,0.0,489853000.0,Baixo,Conservador,0.0064666951105739,-0.07,12.03,0.112429906542056,20.009615906101374,14.968526116695095,24.0
CPOF11,Outros,0.0445,0.87,3391560.0,0.9998,542718000.0,Alto,Arrojado,0.0062492122980995,0.13,0.0440681323034264,0.0511494252873563,20.11210040782204,15.036800845348347,77.0
CPSH11,Shoppings,0.13,0.86,4632970.0,0.0,1236560000.0,Baixo,Conservador,0.0037466600892799,0.14,13.0,0.1511627906976744,20.93559916861703,15.34870890493607,29.0
CPTR11,Outros,0.047,0.82,241560.0,0.0,159787000.0,Médio,Moderado,0.0015117625338732,0.18,4.7,0.0573170731707317,18.88935224255594,12.394877308171507,52.0
CPTS11,Outros,0.1382,0.86,10615800.0,0.0,2769890000.0,Baixo,Conservador,0.0038325709685222,0.14,13.82,0.1606976744186046,21.74207344552684,16.177854109528358,33.0
CPUR11,Multicategoria,0.1012,1.07,8138240.0,0.0062,710814000.0,Baixo,Conservador,0.0114491836120279,-0.07,6.246913580246914,0.0945794392523364,20.381921351574693,15.912084621261094,19.93
CRAA11,Títulos e Val. Mob.,0.0329,0.99,626594.0,0.0,238311000.0,Médio,Moderado,0.0026293121173592,0.01,3.29,0.0332323232323232,19.289087105501952,13.348055677896095,36.0
CRFF11,Multicategoria,0.1036,0.89,434120.0,0.0,53029600.0,Baixo,Conservador,0.0081863713850377,0.1099999999999999,10.36,0.1164044943820224,17.786360825042014,12.981078576067848,32.0
CTXT11,Escritórios,0.0,0.29,243.0,1.0,27678400.0,Alto,Arrojado,8.779409214405458e-06,0.71,0.0,0.0,17.136162919704105,5.497168225293202,94.0
CVBI11,Outros,0.1435,0.89,3128870.0,0.0,911427000.0,Médio,Moderado,0.0034329353859387,0.1099999999999999,14.349999999999998,0.1612359550561797,20.63052206220556,14.956182794572008,37.0
CXAG11,Varejo,0.1208,0.68,214811.0,0.0,156608000.0,Médio,Moderado,0.0013716476808336,0.3199999999999999,12.08,0.1776470588235294,18.86925643216985,12.277518505978191,56.0
CXCE11,Escritórios,0.1377,0.64,23660.0,0.0,68620800.0,Médio,Moderado,0.0003447934154075,0.36,13.769999999999998,0.21515625,18.044106268308088,10.0715834020661,54.0
CXCI11,Multicategoria,0.1339,0.8,86195.0,0.0,142004000.0,Médio,Moderado,0.0006069899439452,0.1999999999999999,13.390000000000002,0.167375,18.77136579122493,11.364379051862802,40.0
CXCO11,Multicategoria,0.134,0.7,176760.0,0.0,263373000.0,Médio,Moderado,0.0006711394106457,0.3,13.4,0.1914285714285714,19.389081840121523,12.082553816617224,40.0
CXRI11,Multicategoria,0.1206,0.73,134665.0,0.0,100392000.0,Médio,Moderado,0.0013413917443621,0.27,12.06,0.1652054794520547,18.42459309073324,11.810552917767874,40.0
CXTL11,Logística,0.0187999999999999,0.79,3031.0,0.0,17363800.0,Médio,Moderado,0.0001745585643695,0.2099999999999999,1.88,0.0237974683544303,16.669898194842975,8.016977746762262,42.0
CYLD11,Logística,0.1182,0.87,1964.0,0.0,163241000.0,Baixo,Conservador,1.2031291158471218e-05,0.13,11.82,0.1358620689655172,18.91073820055855,7.583247524303362,24.0
DAMA11,Multicategoria,0.1419,0.84,2426.0,0.0,36544400.0,Médio,Moderado,6.638500016418385e-05,0.16,14.19,0.1689285714285714,17.41403854501117,7.794411205726601,40.0
DAMT11,Shoppings,0.0407,1.63,494.0,0.0661,412668000.0,Alto,Arrojado,1.1970882161931624e-06,-0.6299999999999999,0.5348226018396847,0.0249693251533742,19.838153955976512,6.20455776256869,67.91
DAYM11,Outros,0.0864,0.41,7843.0,0.0,69258800.0,Médio,Moderado,0.0001132419273796,0.5900000000000001,8.64,0.2107317073170731,18.053360785209147,8.967504187316237,44.0
DCRA11,Outros,0.0455,0.72,81782.0,0.0,47239700.0,Médio,Moderado,0.0017312133650298,0.28,4.55,0.0631944444444444,17.670745219891526,11.311824677031566,52.0
DEVA11,Multicategoria,0.2291,0.19,642025.0,0.0,259129000.0,Médio,Moderado,0.0024776269734379,0.81,22.91,1.2057894736842103,19.37283656902552,13.372384080294426,60.0
DMAC11,Residencial,0.0,2.61,0.0,0.0,2029400.0,Alto,Arrojado,0.0,-1.61,0.0,0.0,14.523251233583478,0.0,65.0
DOMC11,Multicategoria,0.0,4.13,0.0,0.133,1072830000.0,Alto,Arrojado,0.0,-3.13,0.0,0.0,20.793565854678683,0.0,70.95
DOVL11,Escritórios,0.1372,1.0,14434.0,0.0,38717400.0,Médio,Moderado,0.0003728039589435,0.0,13.72,0.1372,17.471799695185922,9.577411092097035,36.0
DPRO11,Multicategoria,0.1444,0.52,1785.0,0.0,24565800.0,Médio,Moderado,7.266199350316293e-05,0.48,14.44,0.2776923076923077,17.016865830421484,7.487733761436444,50.0
DRIT11,Lajes Corporativas,0.0,0.06,0.0,0.0,4021240.0,Médio,Moderado,0.0,0.94,0.0,0.0,15.207101119422829,0.0,60.0
DVFF11,Outros,0.1439,0.62,60129.0,0.0,59341200.0,Médio,Moderado,0.0010132757679318,0.38,14.39,0.2320967741935484,17.898814411921094,11.004264164033614,52.0
EDFO11,Residencial,0.0803,0.69,14984.0,1.0003,39249800.0,Alto,Arrojado,0.0003817599070568,0.31,0.0794813421755914,0.1163768115942029,17.485456932116143,9.614804979750764,77.0
EDGA11,Multicategoria,0.0250999999999999,0.3,16731.0,0.1871999999999999,53178200.0,Alto,Arrojado,0.0003146214050118,0.7,0.1272819472616632,0.0836666666666666,17.789159114699995,9.72507833256209,88.08
EDGE11,Multicategoria,0.07,0.85,26.0,0.0,12005700.0,Médio,Moderado,2.165637988622072e-06,0.15,7.000000000000001,0.0823529411764706,16.30089217826925,3.295836866004329,40.0
EGAF11,Títulos e Val. Mob.,0.0417,0.89,1330000.0,0.0,276047000.0,Médio,Moderado,0.0048180201197622,0.1099999999999999,4.17,0.0468539325842696,19.4360817026614,14.100690252077351,44.0
EIRA11,Multicategoria,0.1344,1.01,44028.0,0.0,36204500.0,Baixo,Conservador,0.0012160919222748,-0.01,13.44,0.133069306930693,17.404694006083368,10.692603786704463,32.0
ELDO11B,Shoppings,0.0341,0.64,0.0,0.0097,869375000.0,Médio,Moderado,0.0,0.36,1.730964467005076,0.0532812499999999,20.583285121792237,0.0,54.45
EMET11,Multicategoria,0.1425,0.91,522687.0,0.0,44450000.0,Baixo,Conservador,0.0117589876265466,0.0899999999999999,14.249999999999998,0.1565934065934065,17.609875542421374,13.166740006717948,32.0
EQIN11,Multicategoria,0.0,0.8,0.0,0.0,122098000.0,Médio,Moderado,0.0,0.1999999999999999,0.0,0.0,18.62033456712054,0.0,50.0
EQIR11,Multicategoria,0.1393,0.88,76842.0,0.0,93165600.0,Médio,Moderado,0.000824789407249,0.12,13.93,0.1582954545454545,18.349889123543253,11.249519658285909,40.0
ERCR11,Residencial,0.0,7.14,0.0,0.0,180576000.0,Alto,Arrojado,0.0,-6.14,0.0,0.0,19.01166230528884,0.0,65.0
ERPA11,Multicategoria,0.0857,0.78,180417.0,0.0,65059700.0,Baixo,Conservador,0.0027730991689171,0.2199999999999999,8.57,0.1098717948717948,17.990815883241158,12.10303165990365,32.0
EURO11,Logística,0.0747,0.87,41522.0,0.0,140996000.0,Baixo,Conservador,0.0002944906238474,0.13,7.47,0.0858620689655172,18.764242086238117,10.634002769564812,32.0
EVBI11,Multicategoria,0.0559,0.97,0.0,0.0049,546231000.0,Baixo,Conservador,0.0,0.03,3.751677852348993,0.0576288659793814,20.118552522991177,0.0,27.73
EXES11,Multicategoria,0.1623,0.93,149367.0,0.0,133541000.0,Médio,Moderado,0.0011185104200208,0.0699999999999999,16.23,0.174516129032258,18.709919112247288,11.914168338645172,42.0
FAED11,Outros,0.1333,0.66,67641.0,0.0,104618000.0,Médio,Moderado,0.0006465522185474,0.3399999999999999,13.33,0.2019696969696969,18.465826188478925,11.121984370878163,52.0
FAMB11,Residencial,0.0,0.96,51322.0,0.9801,116532000.0,Alto,Arrojado,0.0004404112175196,0.04,0.0,0.0,18.573676479945824,10.845894273763054,77.0
FATN11,Multicategoria,0.066,0.87,2205430.0,0.2092,533259000.0,Alto,Arrojado,0.0041357576712254,0.13,0.3010948905109489,0.0758620689655172,20.0945177946857,14.606433512614926,65.0
FCFL11,Multicategoria,0.0889,0.98,137621.0,0.0,425566000.0,Baixo,Conservador,0.0003233834469858,0.02,8.89,0.0907142857142857,19.86893060793232,11.83226607542227,24.0
FEXC11,Outros,0.0,8.44,0.0,0.0,8310020000.0,Médio,Moderado,0.0,-7.439999999999999,0.0,0.0,22.84072785267008,0.0,53.0
FFCI11,Escritórios,0.0,0.9,0.0,0.0649,671817000.0,Médio,Moderado,0.0,0.0999999999999999,0.0,0.0,20.32549654146114,0.0,50.73
FGAA11,Outros,0.0675,0.94,971380.0,0.0,396266000.0,Baixo,Conservador,0.0024513331953788,0.06,6.75,0.0718085106382978,19.797596263413027,13.786474049303688,34.0
FIGS11,Shoppings,0.1139,0.71,141822.0,0.0711,142557000.0,Médio,Moderado,0.0009948441675961,0.29,1.404438964241677,0.1604225352112676,18.775252484709043,11.862335080209208,40.66
FIIB11,Logística,0.0889,0.77,383372.0,0.013,310387000.0,Baixo,Conservador,0.0012351419357125,0.2299999999999999,3.865217391304349,0.1154545454545454,19.55333046717477,12.856763684578686,25.95
FIIP11,Logística,0.1274,0.65,342688.0,0.0,121217000.0,Médio,Moderado,0.002827062210746,0.35,12.74,0.196,18.61309289403948,12.744578609302607,42.0
FISC11,Escritórios,0.1076999999999999,0.55,1384.0,0.0279999999999999,104822000.0,Médio,Moderado,1.3203335177729866e-05,0.4499999999999999,2.8342105263157893,0.1958181818181817,18.46777424102443,7.233455418621439,50.2
FISD11,Títulos e Val. Mob.,0.0,3.41,0.0,0.0,218079000.0,Médio,Moderado,0.0,-2.41,0.0,0.0,19.200367945014257,0.0,54.0
FIXX11,Outros,0.0,7.11,80970.0,0.0,1745260000.0,Médio,Moderado,4.639423352394485e-05,-6.11,0.0,0.0,21.28016937920948,11.301846344857076,53.0
FLCR11,Outros,0.139,1.01,45708.0,0.0,71289800.0,Baixo,Conservador,0.000641157641065,-0.01,13.9,0.1376237623762376,18.08226383167457,10.73005049403551,34.0
FLFL11,Escritórios,0.0,0.73,0.0,0.2913,345426000.0,Alto,Arrojado,0.0,0.27,0.0,0.0,19.66028899878223,0.0,84.0
FLMA11,Escritórios,0.0858,0.63,43554.0,0.0,218146000.0,Médio,Moderado,0.0001996552767412,0.37,8.58,0.1361904761904762,19.20067512594254,10.681779786252992,46.0
FLRP11,Shoppings,0.0925,0.97,50518.0,0.0143,156978000.0,Baixo,Conservador,0.000321815795844,0.03,3.806584362139917,0.095360824742268,18.871616232475606,10.830104782127586,24.14
FMOF11,Escritórios,0.1873,0.74,2774.0,0.0,17780300.0,Médio,Moderado,0.00015601536532,0.26,18.73,0.2531081081081081,16.693601717040593,7.928406026180535,54.0
FPAB11,Escritórios,0.1043,0.57,354948.0,0.19,152992000.0,Alto,Arrojado,0.0023200428780589,0.43,0.5215,0.1829824561403508,18.845896196944256,12.779729396165353,74.5
FPNG11,Multicategoria,0.0098999999999999,2.22,295.0,0.0133,1460850000.0,Médio,Moderado,2.019372283259746e-07,-1.2200000000000002,0.4248927038626608,0.0044594594594594,21.102284295724125,5.69035945432406,53.0
FRBR11,Multicategoria,0.0,1.08,0.0,0.0,1324330000.0,Baixo,Conservador,0.0,-0.08,0.0,0.0,21.004172508873012,0.0,33.0
FTCA11,Outros,0.0504,0.83,69385.0,0.0,39158400.0,Médio,Moderado,0.0017719059001389,0.17,5.04,0.060722891566265,17.48312554231079,11.147440397038215,42.0
FTCE11,Multicategoria,0.0192999999999999,0.99,378937.0,0.63,3902410000.0,Médio,Moderado,9.71033284560054e-05,0.01,0.0301562499999999,0.0194949494949494,22.084860148204523,12.845127882292022,63.0
FVBI11,Lajes Corporativas,0.0,0.0,0.0,0.0,0.0,Médio,Moderado,0.0,1.0,0.0,0.0,0.0,0.0,60.0
FVPQ11,Shoppings,0.0688,0.68,56630.0,0.1039,177333000.0,Médio,Moderado,0.0003193427055314,0.3199999999999999,0.6040386303775241,0.1011764705882352,18.993539884575902,10.944311817436844,63.58
FYTO11,Multicategoria,0.1411,0.86,148284.0,0.0,131114000.0,Médio,Moderado,0.0011309547416751,0.14,14.11,0.1640697674418604,18.69157773937028,11.906891376685373,40.0
FZDA11,Outros,0.0,0.72,1070.0,0.0,201500000.0,Médio,Moderado,5.310173697270471e-06,0.28,0.0,0.0,19.12129994431379,6.976348070447749,52.0
FZDB11,Outros,0.0,0.84,164.0,0.0,540000000.0,Médio,Moderado,3.037037037037037e-07,0.16,0.0,0.0,20.107079699374445,5.10594547390058,47.0
GALG11,Multicategoria,0.0,0.98,0.0,0.0,1338920000.0,Baixo,Conservador,0.0,0.02,0.0,0.0,21.015129156538286,0.0,33.0
GAME11,Outros,0.129,0.92,247111.0,0.0,252708000.0,Baixo,Conservador,0.0009778519081311,0.0799999999999999,12.9,0.1402173913043478,19.34774523390705,12.417596954132224,34.0
GARE11,Multicategoria,0.12,0.88,13128700.0,0.0,2377110000.0,Baixo,Conservador,0.0055229669640866,0.12,12.0,0.1363636363636363,21.589151301493928,16.390311307645185,23.0
GCFF11,Títulos e Val. Mob.,0.0,0.89,0.0,0.0,24981100.0,Médio,Moderado,0.0,0.1099999999999999,0.0,0.0,17.033630136950627,0.0,44.0
GCOI11,Residencial,0.3667,0.98,355.0,0.0,8234310.0,Médio,Moderado,4.311229477636864e-05,0.02,36.67,0.3741836734693878,15.923820250819745,5.87493073085203,47.0
GCRA11,Multicategoria,0.0461,0.6,236739.0,0.0,89399200.0,Médio,Moderado,0.0026481109450643,0.4,4.61,0.0768333333333333,18.308622302743625,12.374717771507884,60.0
GCRI11,Multicategoria,0.1452,0.75,393195.0,0.0,99153200.0,Médio,Moderado,0.0039655301089626,0.25,14.52,0.1936,18.4121766968265,12.882063494263424,40.0
GESE11B,Outros,0.0,1.36,0.0,0.0,79040000.0,Médio,Moderado,0.0,-0.3600000000000001,0.0,0.0,18.185464624055708,0.0,62.0
GFDL11,Logística,0.0014,1.21,4895.0,0.0,29617400.0,Médio,Moderado,0.0001652744670362,-0.2099999999999999,0.14,0.0011570247933884,17.20387261818708,8.496173824192162,42.0
GGRC11,Multicategoria,0.1186,0.9,11457700.0,0.0,2131780000.0,Baixo,Conservador,0.0053747103359633,0.0999999999999999,11.86,0.1317777777777777,21.480223148901267,16.25417263830558,15.0
GLCR11,Multicategoria,0.1125999999999999,1.01,1973.0,0.0,36011000.0,Baixo,Conservador,5.478881452889395e-05,-0.01,11.26,0.1114851485148514,17.39933503307264,7.587817219993427,24.0
GLOG11,Logística,0.0758,0.68,182250.0,0.0,55102500.0,Médio,Moderado,0.0033074724377296,0.3199999999999999,7.58,0.1114705882352941,17.824705663292676,12.1131401368243,42.0
GLPF11,Logística,0.0935999999999999,1.08,129272.0,0.0,163052000.0,Baixo,Conservador,0.0007928268282511,-0.08,9.36,0.0866666666666666,18.909579732433407,11.769681726249368,16.0
GRLV11,Logística,0.0,24.38,0.0,0.0369,156199000.0,Médio,Moderado,0.0,-23.38,0.0,0.0,18.8666413997028,0.0,57.53
GRUL11,Logística,0.12,0.87,262166.0,0.0,207727000.0,Baixo,Conservador,0.0012620699283193,0.13,12.0,0.1379310344827586,19.151735280397077,12.476736984267369,24.0
GRWA11,Outros,0.0286,0.75,12369.0,0.0,20854200.0,Médio,Moderado,0.0005931179330782,0.25,2.86,0.0381333333333333,16.853065972723893,9.423029465386534,52.0
GSFI11,Shoppings,0.0,0.9,8969050.0,0.0,1090810000.0,Baixo,Conservador,0.0082223760324896,0.0999999999999999,0.0,0.0,20.810186377393865,16.00929043133662,31.0
GTLG11,Logística,0.0,0.7,0.0,0.0169,459000000.0,Médio,Moderado,0.0,0.3,0.0,0.0,19.94456077020347,0.0,44.53
GTWR11,Escritórios,0.1335,0.79,994558.0,0.0,957720000.0,Médio,Moderado,0.0010384642693062,0.2099999999999999,13.35,0.1689873417721518,20.68006601868434,13.81005470181105,39.0
GURB11,Shoppings,0.0,0.94,0.0,0.0969999999999999,122597000.0,Médio,Moderado,0.0,0.06,0.0,0.0,18.624413119503245,0.0,54.55
GWIR11,Shoppings,0.0,0.74,0.0,0.0,67231200.0,Médio,Moderado,0.0,0.26,0.0,0.0,18.023647998334447,0.0,48.0
GZIT11,Multicategoria,0.2087999999999999,0.47,522767.0,0.0353,960104000.0,Médio,Moderado,0.0005444899719197,0.53,4.609271523178808,0.4442553191489361,20.682552170933413,13.166893049983578,60.3
HAAA11,Escritórios,0.023,0.87,521.0,0.171,194447000.0,Alto,Arrojado,2.679393356544457e-06,0.13,0.1270718232044198,0.0264367816091954,19.08567019545918,6.257667587882639,79.65
HABT11,Multicategoria,0.1653,0.74,1375910.0,0.0,571963000.0,Médio,Moderado,0.0024055926694558,0.26,16.53,0.2233783783783783,20.164584863685565,14.134626615151012,45.0
HBCR11,Multicategoria,0.0973,1.26,2930770.0,0.0,233600000.0,Baixo,Conservador,0.0125461044520547,-0.26,9.73,0.0772222222222222,19.26912081319917,14.890776086309751,32.0
HBRH11,Multicategoria,0.0,0.81,0.0,0.0283,256345000.0,Médio,Moderado,0.0,0.1899999999999999,0.0,0.0,19.362034755321183,0.0,54.24
HBTT11,Títulos e Val. Mob.,0.0,1.19,0.0,0.0,190126000.0,Médio,Moderado,0.0,-0.1899999999999999,0.0,0.0,19.063197573487138,0.0,44.0
HCHG11,Outros,0.0924,0.87,51029.0,0.0,96000000.0,Baixo,Conservador,0.0005315520833333,0.13,9.24,0.1062068965517241,18.379858759848776,10.840168974058017,34.0
HCRI11,Hospital,0.1795,0.96,39556.0,0.0,54904000.0,Médio,Moderado,0.0007204575258633,0.04,17.95,0.1869791666666666,17.821096781784217,10.585497948685155,36.0
HCTR11,Multicategoria,0.2104,0.16,907590.0,0.0,366598000.0,Médio,Moderado,0.0024757090873381,0.84,21.04,1.315,19.71977644054541,13.718549115575987,60.0
HDEL11,Logística,1.0297,0.99,494.0,0.0,3595200.0,Baixo,Conservador,0.0001374054294615,0.01,102.97,1.0401010101010102,15.095110458561804,6.20455776256869,34.0
HFOF11,Multicategoria,0.1054,0.82,3034860.0,0.0,1441960000.0,Baixo,Conservador,0.0021046769674609,0.18,10.54,0.1285365853658536,21.08926913686689,14.925676182415398,23.0
HGAG11,Outros,0.073,0.67,386.0,0.0,3927350.0,Médio,Moderado,9.828510318662711e-05,0.3299999999999999,7.3,0.108955223880597,15.183475710772912,5.958424693029782,52.0
HGBL11,Logística,0.0962,0.98,27391.0,0.0,240295000.0,Baixo,Conservador,0.0001139890551197,0.02,9.62,0.0981632653061224,19.2973778973276,10.218006278941468,16.0
HGBS11,Shoppings,0.0947,0.96,5610590.0,0.0431,2568460000.0,Baixo,Conservador,0.0021844179002203,0.04,1.7834274952919025,0.0986458333333333,21.666572334847867,15.540166619543792,19.46
HGCR11,Outros,0.1234,0.97,3312910.0,0.0,1476590000.0,Baixo,Conservador,0.0022436221293656,0.03,12.34,0.1272164948453608,21.113001212928864,15.013337817051587,25.0
HGFF11,Outros,0.0657,0.77,0.0,0.0,178631000.0,Médio,Moderado,0.0,0.2299999999999999,6.57,0.0853246753246753,19.000832789171334,0.0,42.0
HGIC11,Multicategoria,0.1534,0.52,6022.0,0.0,26786100.0,Médio,Moderado,0.0002248180959527,0.48,15.34,0.295,17.103393691548543,8.70334075304372,60.0
HGJH11,Escritórios,0.0,0.55,0.0,0.0342,335342000.0,Alto,Arrojado,0.0,0.4499999999999999,0.0,0.0,19.63066146753432,0.0,69.13
HGLG11,Multicategoria,0.0851,0.92,14115800.0,0.0323,6690850000.0,Baixo,Conservador,0.0021097170015767,0.0799999999999999,2.011820330969267,0.0924999999999999,22.62400675847159,16.462805366199888,19.84
HGPO11,Escritórios,0.7012999999999999,0.99,203578.0,0.0,268954000.0,Médio,Moderado,0.0007569249760182,0.01,70.13,0.7083838383838383,19.410050922943945,12.223809414920389,46.0
HGRE11,Escritórios,0.0983,0.86,2426060.0,0.0593,1493060000.0,Médio,Moderado,0.0016248911631146,0.14,1.4184704184704184,0.1143023255813953,21.124093542907595,14.701779512440424,35.89
HGRU11,Outros,0.0972,0.99,4304820.0,0.0081,2960520000.0,Baixo,Conservador,0.0014540756353613,0.01,5.370165745856354,0.0981818181818182,21.80863076586667,15.27524611542086,18.21
HILG11,Logística,0.3059,0.77,0.0,0.0,98309500.0,Médio,Moderado,0.0,0.2299999999999999,30.59,0.3972727272727273,18.40363123354953,0.0,42.0
HIRE11,Outros,0.0446,1.0,3134900.0,0.0,275017000.0,Médio,Moderado,0.0113989317024038,0.0,4.46,0.0446,19.432343475538136,14.958108152603163,44.0
HJCT11,Escritórios,0.0619,1.35,1845.0,0.08,114638000.0,Alto,Arrojado,1.6094139814023273e-05,-0.3500000000000001,0.6877777777777778,0.0458518518518518,18.557289904137463,7.520776415062797,66.0
HLOG11,Logística,0.0983,0.76,52983.0,0.0,385475000.0,Baixo,Conservador,0.0001374486023736,0.24,9.83,0.1293421052631579,19.76998690061589,10.877745260164817,24.0
HMOC11,Shoppings,0.0,0.95,0.0,0.0,86698800.0,Médio,Moderado,0.0,0.05,0.0,0.0,18.27795061235872,0.0,40.0
HOFC11,Escritórios,0.0,0.59,262592.0,0.5184000000000001,127428000.0,Alto,Arrojado,0.0020607087924161,0.41,0.0,0.0,18.663062065021556,12.478360583983736,94.0
HOSI11,Residencial,0.0471,0.68,4956.0,0.0,46965600.0,Alto,Arrojado,0.0001055240431294,0.3199999999999999,4.71,0.0692647058823529,17.66492599809242,8.508555998020574,65.0
HPDP11,Shoppings,0.0876,0.92,8272030.0,0.0165,619782000.0,Baixo,Conservador,0.0133466767347228,0.0799999999999999,3.3056603773584903,0.0952173913043478,20.244878362883345,15.92839062330553,19.48
HRDF11,Multicategoria,0.0,0.74,459.0,0.0,9711520.0,Médio,Moderado,4.726345618399592e-05,0.26,0.0,0.0,16.08882347063679,6.131226489483141,50.0
HREC11,Multicategoria,0.1196,0.94,385075.0,0.0,434162000.0,Baixo,Conservador,0.0008869385160377,0.06,11.96,0.1272340425531915,19.888928296608743,12.861195996385996,24.0
HRES11,Multicategoria,0.3076,1.2,0.0,0.0,68105800.0,Médio,Moderado,0.0,-0.1999999999999999,30.760000000000005,0.2563333333333333,18.036572951045425,0.0,50.0
HSAF11,Outros,0.14,0.9,976773.0,0.0,203145000.0,Baixo,Conservador,0.0048082551871815,0.0999999999999999,14.000000000000002,0.1555555555555555,19.12943057266231,13.792010583897762,34.0
HSLG11,Logística,0.095,0.8,973900.0,0.0,1113960000.0,Baixo,Conservador,0.0008742683758842,0.1999999999999999,9.5,0.11875,20.83118707206181,13.789064934748229,15.0
HSML11,Shoppings,0.0915,0.87,6812470.0,0.8582,1923960000.0,Médio,Moderado,0.0035408584378053,0.13,0.1053904630269523,0.1051724137931034,21.377651399472786,15.734265461063842,51.0
HSRE11,Outros,0.1353,0.96,14120700.0,0.0,743132000.0,Baixo,Conservador,0.0190016040218965,0.04,13.53,0.1409375,20.426384246391017,16.463152434689405,29.0
HTMX11,Hotel,0.1173,0.89,406133.0,0.0,383510000.0,Médio,Moderado,0.0010589893353497,0.1099999999999999,11.73,0.1317977528089887,19.76487625665841,12.914438433390677,40.0
HUCG11,Hospital,0.0909,0.67,1995.0,0.0,96626600.0,Médio,Moderado,2.064648864805344e-05,0.3299999999999999,9.09,0.1356716417910447,18.38636463394546,7.59890045687141,36.0
HUSC11,Outros,0.1319,0.63,0.0,0.0,81687300.0,Médio,Moderado,0.0,0.37,13.19,0.2093650793650793,18.21840911323251,0.0,52.0
HUSI11,Hospital,0.0982,0.83,3929.0,0.0,126835000.0,Baixo,Conservador,3.097725391256357e-05,0.17,9.82,0.1183132530120482,18.65839759500029,8.276394704863307,26.0
HYPI11,Multicategoria,0.6415000000000001,86.72,0.0,0.0,237094000.0,Médio,Moderado,0.0,-85.72,64.15,0.0073973708487084,19.283967249155022,0.0,60.0
IAAG11,Outros,0.0913,0.85,253868.0,0.0,87187800.0,Baixo,Conservador,0.0029117376513686,0.15,9.13,0.1074117647058823,18.283574982303747,12.444573664925414,34.0
IAGR11,Multicategoria,0.0,0.7,4852.0,0.0,12087100.0,Médio,Moderado,0.0004014196953777,0.3,0.0,0.0,16.30764940889173,8.487352349405215,50.0
IBBP11,Logística,0.1128,0.82,1644530.0,0.0022,522679000.0,Baixo,Conservador,0.0031463479496976,0.18,9.24590163934426,0.137560975609756,20.07447806878011,14.31296579514808,19.33
IBCR11,Outros,0.1679,0.55,67249.0,0.0,46962700.0,Médio,Moderado,0.0014319662200001,0.4499999999999999,16.79,0.3052727272727272,17.66486424886585,11.116172297464086,62.0
IBFF11,Títulos e Val. Mob.,0.0,0.93,0.0,0.0,44267600.0,Médio,Moderado,0.0,0.0699999999999999,0.0,0.0,17.60576361304346,0.0,36.0
ICNE11,Residencial,0.273,0.95,202155.0,0.0,76690800.0,Médio,Moderado,0.0026359745888685,0.05,27.3,0.2873684210526316,18.15529232433378,12.216794955558449,47.0
ICRI11,Outros,0.1235,0.93,803304.0,0.0,368879000.0,Baixo,Conservador,0.0021776897031275,0.0699999999999999,12.35,0.1327956989247311,19.72597923766127,13.596489746467194,34.0
IDFI11,Títulos e Val. Mob.,0.0,0.46,0.0,0.0,4115850.0,Médio,Moderado,0.0,0.54,0.0,0.0,15.23035617508647,0.0,54.0
IDGR11,Híbrido,0.0,0.0,0.0,0.0,1325040.0,Médio,Moderado,0.0,1.0,0.0,0.0,14.096953960319947,0.0,56.0
IFID11,Outros,0.0,1.25,0.0,0.0,59897000.0,Médio,Moderado,0.0,-0.25,0.0,0.0,17.90813699505433,0.0,52.0
IFIE11,Outros,0.0,1.04,0.0,0.0,64817600.0,Médio,Moderado,0.0,-0.04,0.0,0.0,17.98708774481074,0.0,44.0
INLG11,Logística,0.1242,0.62,309579.0,0.0084,298295000.0,Médio,Moderado,0.0010378283243098,0.38,6.75,0.2003225806451613,19.513593491047537,12.642971819127869,43.26
INRD11,Residencial,0.1054,0.63,130017.0,0.0168,84721200.0,Médio,Moderado,0.0015346454016232,0.37,3.9328358208955225,0.1673015873015872,18.25487643526648,11.775428181391266,49.52
IRDM11,Outros,0.0886,0.74,0.0,0.0,2202080000.0,Baixo,Conservador,0.0,0.26,8.86,0.1197297297297297,21.51266820564961,0.0,25.0
IRIM11,Multicategoria,0.1421,0.8,4181070.0,0.0,2370710000.0,Baixo,Conservador,0.0017636362102492,0.1999999999999999,14.21,0.177625,21.58645532570979,15.24607799177787,31.0
ISCJ11,Outros,0.1977,0.3,0.0,0.0,9515730.0,Médio,Moderado,0.0,0.7,19.77,0.659,16.068456881825526,0.0,62.0
ITIP11,Outros,0.1248,0.99,80597.0,0.0,51098700.0,Baixo,Conservador,0.0015772808310191,0.01,12.48,0.126060606060606,17.74926963410718,11.297229114291069,34.0
ITIT11,Outros,0.0972,0.94,143685.0,0.0,68005300.0,Baixo,Conservador,0.0021128500278654,0.06,9.72,0.1034042553191489,18.03509621598433,11.875385642129602,26.0
ITRI11,Outros,0.1265,0.86,1261200.0,0.0,513750000.0,Médio,Moderado,0.0024548905109489,0.14,12.65,0.1470930232558139,20.05724732572119,14.047574999548385,37.0
JASC11,Varejo,0.0824,0.87,6098.0,0.0101,385119000.0,Médio,Moderado,1.5834066872836707e-05,0.13,4.099502487562189,0.0947126436781609,19.769062937999,8.715880102296456,39.52
JBFO11,Títulos e Val. Mob.,0.0,1.04,0.0,0.0,104897000.0,Médio,Moderado,0.0,-0.04,0.0,0.0,18.46848948382534,0.0,36.0
JCCJ11,Shoppings,0.0813,0.77,313163.0,1.0,794736000.0,Médio,Moderado,0.0003940465764731,0.2299999999999999,0.0804950495049505,0.1055844155844156,20.49352054325592,12.654482293963651,55.0
JCIN11,Shoppings,0.0755,0.83,0.0,0.0,196208000.0,Médio,Moderado,0.0,0.17,7.55,0.0909638554216867,19.094685884080576,0.0,38.0
JFLL11,Multicategoria,0.081,0.54,43775.0,0.42,85444000.0,Alto,Arrojado,0.0005123238612424,0.4599999999999999,0.1883720930232558,0.15,18.26337176026328,10.686841000982222,72.0
JGPX11,Outros,0.0425,0.66,636002.0,0.0,135241000.0,Médio,Moderado,0.0047027306807846,0.3399999999999999,4.25,0.0643939393939393,18.72256893743288,13.362958559292268,62.0
JPPA11,Multicategoria,0.156,0.85,93651.0,0.0,77124500.0,Médio,Moderado,0.0012142833989199,0.15,15.6,0.1835294117647058,18.160931570152687,11.447341063757383,50.0
JPPC11,Multicategoria,0.1509,2.31,0.0,0.0,7760500.0,Médio,Moderado,0.0,-1.31,15.09,0.0653246753246753,15.864557451931043,0.0,60.0
JRDM11,Shoppings,0.0,0.96,0.0,0.0118999999999999,216723000.0,Médio,Moderado,0.0,0.04,0.0,0.0,19.19413060300589,0.0,41.78
JSAF11,Multicategoria,0.1321,0.8,1769710.0,0.0,578324000.0,Médio,Moderado,0.0030600666754276,0.1999999999999999,13.21,0.165125,20.175644824947504,14.38632681438274,35.0
JSCR11,Multicategoria,0.1371,0.88,535258.0,0.0,185730000.0,Médio,Moderado,0.0028819146072255,0.12,13.71,0.1557954545454545,19.039804569547684,13.190506020883197,40.0
JSRE11,Multicategoria,0.0936999999999999,0.59,3359370.0,0.0550999999999999,1266180000.0,Médio,Moderado,0.0026531535800597,0.41,1.4393241167434716,0.1588135593220339,20.959270331446326,15.027264312033882,41.26
KCRE11,Multicategoria,0.1221,0.96,390408.0,0.0,329400000.0,Baixo,Conservador,0.0011852094717668,0.04,12.21,0.1271875,19.61278337874364,12.87495018653404,32.0
KDOL11,Multicategoria,0.0165,0.86,67799.0,0.0,56698000.0,Médio,Moderado,0.0011957917386856,0.14,1.65,0.0191860465116279,17.85324951234456,11.124317473928487,50.0
KEVE11,Residencial,0.6828,1.24,4704.0,0.0,67396000.0,Médio,Moderado,6.9796427087661e-05,-0.24,68.28,0.5506451612903226,18.026096241778088,8.45638105201948,55.0
KFEN11,Multicategoria,0.1094,1.17,0.0,0.0,196516000.0,Baixo,Conservador,0.0,-0.1699999999999999,10.94,0.0935042735042735,19.09625441598379,0.0,32.0
KFOF11,Multicategoria,0.1177999999999999,0.85,1103820.0,0.0,559832000.0,Baixo,Conservador,0.0019716986524528,0.15,11.78,0.1385882352941176,20.14314729847072,13.914288354992284,27.0
KINP11,Residencial,0.0,0.0,0.0,0.0,0.0,Alto,Arrojado,0.0,1.0,0.0,0.0,0.0,0.0,65.0
KISU11,Outros,0.128,0.81,799141.0,0.0,288600000.0,Médio,Moderado,0.0027690263340263,0.1899999999999999,12.8,0.1580246913580247,19.480552207769048,13.59129393111039,42.0
KIVO11,Outros,0.1853999999999999,0.69,467907.0,0.0,130541000.0,Médio,Moderado,0.0035843681295531,0.31,18.54,0.268695652173913,18.68719791928964,13.056026974378586,62.0
KNCA11,Títulos e Val. Mob.,0.0102,0.92,4077580.0,0.0,2029530000.0,Baixo,Conservador,0.0020091252654555,0.0799999999999999,1.02,0.0110869565217391,21.4310700765927,15.221014478393425,27.0
KNCR11,Multicategoria,0.1346,1.04,21341200.0,0.0,11417900000.0,Baixo,Conservador,0.0018691002723793,-0.04,13.46,0.1294230769230769,23.158448136436466,16.876150081541983,23.0
KNHF11,Multicategoria,0.1223,0.96,4011100.0,0.006,1907330000.0,Baixo,Conservador,0.0021029921408461,0.04,7.64375,0.1273958333333333,21.3689701957883,15.20457632518809,23.9
KNHY11,Multicategoria,0.1084,1.01,3013080.0,0.0,3105770000.0,Baixo,Conservador,0.0009701555491874,-0.01,10.84,0.1073267326732673,21.856527509027664,14.918473701255897,15.0
KNIP11,Multicategoria,0.103,0.99,9422610.0,0.0,7455280000.0,Baixo,Conservador,0.0012638841197111,0.01,10.3,0.104040404040404,22.732188343277382,16.05862278436712,15.0
KNRE11,Residencial,0.0172,0.51,934.0,0.0,6120560.0,Alto,Arrojado,0.0001526004156482,0.49,1.72,0.0337254901960784,15.627164316954044,6.840546529288687,65.0
KNRI11,Multicategoria,0.0802,0.95,8637750.0,0.0009,4373320000.0,Baixo,Conservador,0.0019751012960405,0.05,7.3577981651376145,0.0844210526315789,22.198788283237768,15.971652805970146,15.13
KNSC11,Multicategoria,0.123,1.03,5806190.0,0.0,1836000000.0,Baixo,Conservador,0.0031624128540305,-0.03,12.3,0.1194174757281553,21.33085512968937,15.574435320028718,23.0
KNUQ11,Multicategoria,0.1452999999999999,1.02,4580880.0,0.0,2221740000.0,Baixo,Conservador,0.0020618434200221,-0.02,14.529999999999998,0.1424509803921568,21.52155651006637,15.337401895670528,23.0
KOPA11,Títulos e Val. Mob.,0.0273,0.4,218228.0,0.0,138317000.0,Médio,Moderado,0.0015777380943774,0.6,2.73,0.06825,18.745058717496395,12.293300249141142,54.0
KORE11,Outros,0.1744,0.62,2260220.0,0.0067,638137000.0,Médio,Moderado,0.0035419040112076,0.38,10.44311377245509,0.2812903225806452,20.2740635533665,14.630973154078193,58.0
LAFI11,Outros,0.0572,1.03,456.0,0.0,94806600.0,Baixo,Conservador,4.809791723361032e-06,-0.03,5.72,0.0555339805825242,18.367349595602825,6.124683390894205,34.0
LASC11,Shoppings,0.1522,0.83,1057910.0,0.0,323433000.0,Médio,Moderado,0.0032708783581143,0.17,15.22,0.1833734939759036,19.59450254380963,13.871806766879027,48.0
LATR11B,Residencial,0.0,0.9,0.0,0.0,1180230.0,Médio,Moderado,0.0,0.0999999999999999,0.0,0.0,13.981220739994692,0.0,47.0
LFTT11,Residencial,0.0,0.05,0.0,1.0,1396500.0,Alto,Arrojado,0.0,0.95,0.0,0.0,14.149480380443016,0.0,95.0
LGCP11,Logística,0.0521,0.82,0.0,0.0084,374279000.0,Baixo,Conservador,0.0,0.18,2.831521739130435,0.0635365853658536,19.740512069243703,0.0,33.26
LIFE11,Residencial,0.1782,0.88,1272100.0,0.0,316502000.0,Médio,Moderado,0.0040192479036467,0.12,17.82,0.2025,19.5728401218034,14.056180422245715,55.0
LKDV11,Multicategoria,0.0,0.98,0.0,1.0002,72284800.0,Alto,Arrojado,0.0,0.02,0.0,0.0,18.09612444372926,0.0,72.0
LLAO11,Outros,0.0,1.07,0.0,0.0,20657200.0,Médio,Moderado,0.0,-0.07,0.0,0.0,16.8435745332908,0.0,44.0
LMAI11,Multicategoria,0.1242,0.33,17799.0,0.0908,195362000.0,Médio,Moderado,9.11077896417932e-05,0.6699999999999999,1.2321428571428572,0.3763636363636364,19.090364810903207,9.786953736280177,63.62
LOFT11B,Residencial,0.0,59800.0,0.0,0.0,58562000.0,Alto,Arrojado,0.0,-59799.0,0.0,0.0,17.885596597115512,0.0,65.0
LPLP11,Residencial,0.8599,0.65,1159.0,0.0,168282000.0,Alto,Arrojado,6.887248784777933e-06,0.35,85.99,1.3229230769230769,18.941151707512024,7.05617528410041,65.0
LRDI11,Multicategoria,0.5022,1.54,700.0,0.0,43873900.0,Médio,Moderado,1.5954815961197887e-05,-0.54,50.22,0.326103896103896,17.596830191003537,6.55250788703459,60.0
LSAG11,Títulos e Val. Mob.,0.0,0.76,107849.0,0.0,75851400.0,Médio,Moderado,0.001421845872324,0.24,0.0,0.0,18.144286734254024,11.588496651817302,44.0
LSOI11,Residencial,0.0,0.91,0.0,0.0,64490700.0,Médio,Moderado,0.0,0.0899999999999999,0.0,0.0,17.982031600829792,0.0,47.0
LSOP11,Multicategoria,0.0108,1.08,0.0,0.0,33199400.0,Médio,Moderado,0.0,-0.08,1.08,0.01,17.31804239155528,0.0,42.0
LSPA11,Outros,0.0,1.15,0.0,0.0,9712040.0,Médio,Moderado,0.0,-0.1499999999999999,0.0,0.0,16.088877013854056,0.0,52.0
LTMT11,Multicategoria,0.0,1.0,0.0,0.0,14676700.0,Médio,Moderado,0.0,0.0,0.0,0.0,16.501771828375194,0.0,42.0
LUGG11,Residencial,0.0475999999999999,0.62,0.0,0.0331,82338000.0,Alto,Arrojado,0.0,0.38,1.1044083526682134,0.076774193548387,18.226343296624886,0.0,69.97
LVBI11,Logística,0.0847,0.88,3605050.0,0.0575,1699220000.0,Baixo,Conservador,0.0021215910829674,0.12,1.2548148148148148,0.09625,21.25343515977595,15.097846475619148,23.62
MALL11,Shoppings,0.0891,0.83,1520130.0,0.0364,1398630000.0,Baixo,Conservador,0.0010868707234937,0.17,1.920258620689655,0.1073493975903614,21.05875902374043,14.23430707331934,26.46
MANA11,Outros,0.2744,0.97,1643210.0,0.0,344582000.0,Médio,Moderado,0.0047687052718946,0.03,27.44,0.2828865979381444,19.65784264912115,14.312162812389136,44.0
MATV11,Títulos e Val. Mob.,0.0,0.92,0.0,0.0,36901600.0,Médio,Moderado,0.0,0.0799999999999999,0.0,0.0,17.42376549560342,0.0,36.0
MAXR11,Multicategoria,0.0712,0.6,57045.0,0.1152,63160500.0,Alto,Arrojado,0.0009031752440211,0.4,0.5686900958466453,0.1186666666666666,17.961189679555847,10.95161323889698,67.28
MBRF11,Outros,0.0,0.98,0.0,0.8198000000000001,69029900.0,Alto,Arrojado,0.0,0.02,0.0,0.0,18.05005031651957,0.0,74.0
MCCI11,Multicategoria,0.1225,1.0,5349840.0,0.0,1614930000.0,Baixo,Conservador,0.0033127380134123,0.0,12.25,0.1225,21.20255744964764,15.492577398804384,23.0
MCEM11,Outros,0.1918,1.17,49482.0,0.0,111316000.0,Médio,Moderado,0.0004445183082396,-0.1699999999999999,19.18,0.1639316239316239,18.527883570512813,10.809384455226269,52.0
MCHF11,Títulos e Val. Mob.,0.0,0.87,0.0,0.0,292806000.0,Médio,Moderado,0.0,0.13,0.0,0.0,19.495020835059982,0.0,44.0
MCHY11,Multicategoria,0.0978999999999999,0.86,0.0,0.3585,957519000.0,Médio,Moderado,0.0,0.14,0.2656716417910447,0.1138372093023255,20.6798561232086,0.0,57.0
MCLO11,Logística,0.1036,0.72,1652920.0,0.0,1245180000.0,Baixo,Conservador,0.0013274546651889,0.28,10.36,0.1438888888888888,20.942545935528997,14.318054583767566,15.0
MCRE11,Multicategoria,0.1424,0.9,2993930.0,0.1163,1021130000.0,Médio,Moderado,0.0029319773192443,0.0999999999999999,1.1274742676167853,0.1582222222222222,20.744175695153796,14.91209779760396,40.45
MFAI11,Híbrido,0.0,0.0,0.0,0.0,0.0,Médio,Moderado,0.0,1.0,0.0,0.0,0.0,0.0,56.0
MFCR11,Híbrido,0.0,0.0,0.0,0.0,0.0,Médio,Moderado,0.0,1.0,0.0,0.0,0.0,0.0,56.0
MFII11,Multicategoria,0.2528,0.5,2456260.0,0.0,330888000.0,Médio,Moderado,0.0074232368656463,0.5,25.28,0.5056,19.617290510523883,14.71415083296118,60.0
MGCR11,Títulos e Val. Mob.,0.0,0.96,0.0,0.0,126115000.0,Médio,Moderado,0.0,0.04,0.0,0.0,18.652704755001785,0.0,36.0
MGFF11,Títulos e Val. Mob.,0.0,0.0,0.0,0.0,0.0,Médio,Moderado,0.0,1.0,0.0,0.0,0.0,0.0,54.0
MGHT11,Multicategoria,0.0,0.47,11670.0,0.0,13926100.0,Médio,Moderado,0.0008379948442133,0.53,0.0,0.0,16.449275407079327,9.364862411412354,60.0
MGIM11,Híbrido,0.0,1.03,0.0,0.0,25101000.0,Médio,Moderado,0.0,-0.03,0.0,0.0,17.038418283784896,0.0,38.0
MGLG11,Logística,0.0,0.91,0.0,0.0872,103703000.0,Médio,Moderado,0.0,0.0899999999999999,0.0,0.0,18.457041612028853,0.0,47.08
MIDW11,Multicategoria,0.0241,1.09,1674410.0,0.0,202230000.0,Médio,Moderado,0.0082797309993571,-0.09,2.41,0.0221100917431192,19.1249162264426,14.330972019609789,42.0
MINT11,Outros,0.0,0.99,0.0,0.0,50180000.0,Médio,Moderado,0.0,0.01,0.0,0.0,17.73112711883081,0.0,44.0
MMPD11,Multicategoria,0.3123,1.14,0.0,0.0,58678300.0,Médio,Moderado,0.0,-0.1399999999999999,31.23,0.2739473684210526,17.887580557172992,0.0,50.0
MORC11,Títulos e Val. Mob.,0.0,0.92,0.0,0.0,171455000.0,Médio,Moderado,0.0,0.0799999999999999,0.0,0.0,18.959831405301696,0.0,36.0
MORE11,Títulos e Val. Mob.,0.0,0.88,0.0,0.0,176740000.0,Médio,Moderado,0.0,0.12,0.0,0.0,18.99019028971216,0.0,44.0
MXRF11,Logística,0.1311,1.04,13937100.0,0.0,4510640000.0,Baixo,Conservador,0.0030898276076122,-0.04,13.11,0.1260576923076923,22.22970488748848,16.450064978972136,15.0
NAUI11,Multicategoria,0.0,2.29,976.0,0.0,51735000.0,Médio,Moderado,1.886537160529622e-05,-1.29,0.0,0.0,17.76164511235046,6.884486652042782,60.0
NAVT11,Outros,0.1355,0.84,33696.0,0.0,46068100.0,Médio,Moderado,0.000731438891554,0.16,13.55,0.1613095238095238,17.64563131617975,10.425164091606357,42.0
NCHB11B,Multicategoria,0.1484,0.82,7729.0,0.0,121793000.0,Médio,Moderado,6.346013317678356e-05,0.18,14.84,0.1809756097560975,18.617833448534817,8.952864141581468,40.0
NCRA11,Outros,0.1543999999999999,0.73,63185.0,0.0,34341600.0,Médio,Moderado,0.0018398968015468,0.27,15.439999999999998,0.2115068493150684,17.351868034361974,11.053838036608653,52.0
NCRI11,Outros,0.1406,0.87,4041.0,0.0,34483500.0,Médio,Moderado,0.0001171864804906,0.13,14.06,0.1616091954022988,17.35599153572819,8.304494897963567,42.0
NEWL11,Multicategoria,0.1052999999999999,0.85,175783.0,0.0,311369000.0,Baixo,Conservador,0.0005645488150715,0.15,10.53,0.1238823529411764,19.556489265202856,12.077011247577104,32.0
NEWU11,Multicategoria,0.0305,1.17,13826.0,0.4536,85884400.0,Alto,Arrojado,0.0001609838340839,-0.1699999999999999,0.0657894736842105,0.026068376068376,18.268512775586373,9.534378481388618,80.0
NEXG11,Outros,0.012,1.33,391167.0,0.0,92830600.0,Médio,Moderado,0.0042137721828793,-0.33,1.2,0.0090225563909774,18.34628689555531,12.876892414206027,62.0
NPAR11,Outros,0.0,0.7,0.0,0.0,1533140.0,Médio,Moderado,0.0,0.3,0.0,0.0,14.242829130141004,0.0,52.0
NSLU11,Hospital,0.1614,1.01,137666.0,0.0,225032000.0,Médio,Moderado,0.0006117618827544,-0.01,16.14,0.1598019801980198,19.23175317672211,11.832593004579635,36.0
NVHO11,Hospital,0.1,0.7,4021.0,0.0,479677000.0,Baixo,Conservador,8.382724208165078e-06,0.3,10.0,0.1428571428571428,19.98862352077424,8.299534570332597,26.0
OBAL11,Residencial,0.1606,0.62,0.0,0.0,154701000.0,Alto,Arrojado,0.0,0.38,16.06,0.2590322580645161,18.8570047861106,0.0,65.0
OCRE11,Multicategoria,0.083,0.5,16809.0,0.0,32764500.0,Médio,Moderado,0.0005130247676601,0.5,8.3,0.166,17.30485620067396,9.72972922640266,42.0
OGHY11,Títulos e Val. Mob.,0.0,0.92,0.0,0.0,23678100.0,Médio,Moderado,0.0,0.0799999999999999,0.0,0.0,16.98006117050759,0.0,36.0
OIAG11,Outros,0.0435,0.91,122910.0,0.0,80845300.0,Médio,Moderado,0.0015203110137509,0.0899999999999999,4.35,0.0478021978021977,18.20804802232309,11.719215795210426,44.0
ONDA11,Outros,0.1477,0.67,19859.0,0.0,65863900.0,Médio,Moderado,0.0003015157013174,0.3299999999999999,14.77,0.2204477611940298,18.003101064861976,9.896462937599164,52.0
ONDV11,Outros,0.0596999999999999,0.82,5007.0,0.0,9863960.0,Médio,Moderado,0.0005076054647423,0.18,5.97,0.0728048780487804,16.10439837004721,8.518791912779934,42.0
ONEF11,Lajes Corporativas,0.0,1.09,0.0,0.0,182227000.0,Médio,Moderado,0.0,-0.09,0.0,0.0,19.02076372610243,0.0,42.0
ORPD11,Multicategoria,0.0,0.66,0.0,0.0,26970000.0,Médio,Moderado,0.0,0.3399999999999999,0.0,0.0,17.11023573219415,0.0,60.0
OUCY11,Híbrido,0.0,0.0,0.0,0.0,0.0,Médio,Moderado,0.0,1.0,0.0,0.0,0.0,0.0,56.0
OUFF11,Títulos e Val. Mob.,0.0,0.0,0.0,0.0,0.0,Médio,Moderado,0.0,1.0,0.0,0.0,0.0,0.0,54.0
OUJP11,Multicategoria,0.1576,0.84,438001.0,0.0,275249000.0,Médio,Moderado,0.0015912900682654,0.16,15.759999999999998,0.1876190476190476,19.433186704132684,12.989978755558203,50.0
OULG11,Logística,0.0068,0.85,0.0,0.0,59650100.0,Médio,Moderado,0.0,0.15,0.68,0.008,17.90400639971716,0.0,42.0
OURE11,Híbrido,0.0,0.0,0.0,0.0,0.0,Médio,Moderado,0.0,1.0,0.0,0.0,0.0,0.0,56.0
OXRL11,Multicategoria,0.0426999999999999,0.93,95679.0,0.0,39031900.0,Médio,Moderado,0.0024513026524458,0.0699999999999999,4.27,0.0459139784946236,17.47988984409419,11.468764569184458,42.0
PATA11,Outros,0.1798,0.99,25003.0,0.0,17105200.0,Médio,Moderado,0.001461719243271,0.01,17.98,0.1816161616161616,16.654893127274814,10.126791091051704,44.0
PATC11,Outros,0.0159,1.14,423435.0,0.1734,135446000.0,Alto,Arrojado,0.0031262274264282,-0.1399999999999999,0.0866957470010905,0.0139473684210526,18.72408360225002,12.95615766004856,78.01
PATL11,Multicategoria,0.1008,0.72,544501.0,0.0271,320207000.0,Médio,Moderado,0.0017004656362915,0.28,2.7169811320754715,0.1399999999999999,19.584478222747578,13.207626894442988,36.06
PCIP11,Outros,0.13,0.9,2812560.0,0.0,1426430000.0,Baixo,Conservador,0.0019717476497269,0.0999999999999999,13.0,0.1444444444444444,21.07844065696168,14.8496060141485,25.0
PDBM11,Outros,0.1292,1.02,0.0,1.0,39100000.0,Médio,Moderado,0.0,-0.02,0.1279207920792079,0.1266666666666666,17.48163305053104,0.0,64.0
PDDA11B,Logística,0.0,3.75,0.0,0.0,264257000.0,Médio,Moderado,0.0,-2.75,0.0,0.0,19.392432676214185,0.0,52.0
PEMA11,Multicategoria,0.2791,0.49,1735.0,0.0,13827600.0,Médio,Moderado,0.0001254736903005,0.51,27.91,0.5695918367346939,16.442177225109234,7.459338895220296,60.0
PLAG11,Outros,0.1023,0.95,1968900.0,0.0,340244000.0,Baixo,Conservador,0.0057867295235184,0.05,10.23,0.1076842105263157,19.645173568186856,14.492986077027606,26.0
PLCA11,Títulos e Val. Mob.,0.0,0.77,58602.0,0.0,40695800.0,Médio,Moderado,0.0014400011794828,0.2299999999999999,0.0,0.0,17.52163547555731,10.978541168793958,44.0
PLCR11,Outros,0.0331,0.95,0.0,0.0,166835000.0,Médio,Moderado,0.0,0.05,3.31,0.0348421052631578,18.93251586400548,0.0,44.0
PLOG11,Logística,0.0,0.62,0.0,0.0,50032500.0,Médio,Moderado,0.0,0.38,0.0,0.0,17.728183372220926,0.0,52.0
PLRI11,Multicategoria,0.0356,0.45,668.0,0.0,6594240.0,Médio,Moderado,0.0001013005289464,0.55,3.56,0.0791111111111111,15.70170725032325,6.505784060128229,60.0
PMFO11,Outros,0.1107,1.0,28926.0,0.0,88592800.0,Baixo,Conservador,0.0003265050884496,0.0,11.07,0.1107,18.29956115945245,10.272530694010324,26.0
PMIS11,Outros,0.1452999999999999,0.83,403632.0,0.0,115169000.0,Médio,Moderado,0.0035046931031788,0.17,14.529999999999998,0.1750602409638554,18.56191118147358,12.90826132824198,42.0
PMLL11,Shoppings,0.1033999999999999,0.9,5095560.0,0.0369,1477070000.0,Baixo,Conservador,0.0034497755692011,0.0999999999999999,2.204690831556503,0.1148888888888888,21.11332623341457,15.443880326526497,18.54
PMRL11,Multicategoria,0.0053,1.25,73703.0,0.0,42100600.0,Médio,Moderado,0.0017506401333947,-0.25,0.53,0.00424,17.555572574085158,11.207812350788767,50.0
PNCR11,Residencial,0.0728,1.01,0.0,0.0,23380000.0,Médio,Moderado,0.0,-0.01,7.28,0.072079207920792,16.967391556779795,0.0,37.0
PNDL11,Multicategoria,0.0,0.3,79.0,0.0,23093100.0,Médio,Moderado,3.4209352577176733e-06,0.7,0.0,0.0,16.955044472876178,4.382026634673881,60.0
PNPR11,Multicategoria,0.0,1.24,0.0,0.0,43095200.0,Médio,Moderado,0.0,-0.24,0.0,0.0,17.578922203166925,0.0,50.0
PNRC11,Multicategoria,0.0653,5.95,0.0,0.0,25016100.0,Médio,Moderado,0.0,-4.95,6.529999999999999,0.0109747899159663,17.03503021552772,0.0,50.0
PORD11,Multicategoria,0.1427,0.85,540529.0,0.0,304235000.0,Médio,Moderado,0.0017766824987263,0.15,14.27,0.1678823529411764,19.533310990342265,13.200305418683913,40.0
PQAG11,Logística,0.1036999999999999,0.99,332543.0,0.0,770393000.0,Baixo,Conservador,0.0004316537144029,0.01,10.37,0.1047474747474747,20.46241133351596,12.714527461150162,11.0
PQDP11,Shoppings,0.0909,0.99,1474090.0,0.0066,601771000.0,Baixo,Conservador,0.0024495863044247,0.01,5.475903614457831,0.0918181818181818,20.215387533893832,14.203552086596474,17.99
PRSN11,Multicategoria,0.0134,2.3,0.0,0.0,19419800.0,Médio,Moderado,0.0,-1.2999999999999998,1.34,0.0058260869565217,16.78180377360708,0.0,60.0
PRSV11,Escritórios,0.0,0.29,1369.0,1.0,8480220.0,Alto,Arrojado,0.0001614344910863,0.71,0.0,0.0,15.953247068749253,7.222566018822171,94.0
PSEC11,Outros,0.1349,0.78,3621540.0,0.0,1079120000.0,Baixo,Conservador,0.0033560123063236,0.2199999999999999,13.489999999999998,0.1729487179487179,20.79941173205238,15.102410183829146,33.0
PULV11,Outros,0.0538,0.88,0.0,0.0,105842000.0,Médio,Moderado,0.0,0.12,5.38,0.0611363636363636,18.47745798348795,0.0,42.0
PURB11,Shoppings,0.0,0.82,0.0,0.0969999999999999,107954000.0,Médio,Moderado,0.0,0.18,0.0,0.0,18.49721577769356,0.0,62.55
PVBI11,Escritórios,0.0749,0.66,4347150.0,0.2448999999999999,1926510000.0,Alto,Arrojado,0.0022564897145615,0.3399999999999999,0.2938407218517066,0.1134848484848485,21.378975913296536,15.28503124596758,75.0
QAGR11,Outros,0.1294,0.68,149034.0,0.0,206640000.0,Médio,Moderado,0.000721225319396,0.3199999999999999,12.939999999999998,0.1902941176470587,19.146488711591196,11.911936456671928,52.0
QAMI11,Títulos e Val. Mob.,0.0,0.91,0.0,0.0,67862400.0,Médio,Moderado,0.0,0.0899999999999999,0.0,0.0,18.03299269836258,0.0,36.0
QIFF11,Títulos e Val. Mob.,0.0,1.09,0.0,0.0,14623500.0,Médio,Moderado,0.0,-0.09,0.0,0.0,16.498140450102653,0.0,36.0
QIRI11,Títulos e Val. Mob.,0.0,0.87,0.0,0.0,11706000.0,Médio,Moderado,0.0,0.13,0.0,0.0,16.275612174259578,0.0,44.0
QMFF11,Títulos e Val. Mob.,0.0,1.1,0.0,0.0,14778000.0,Médio,Moderado,0.0,-0.1,0.0,0.0,16.508650213998884,0.0,36.0
RBBV11,Títulos e Val. Mob.,0.0,0.99,0.0,0.0,125416000.0,Médio,Moderado,0.0,0.01,0.0,0.0,18.64714677770397,0.0,36.0
RBCO11,Escritórios,0.0839,0.49,144616.0,0.0,166276000.0,Médio,Moderado,0.0008697346580384,0.51,8.39,0.1712244897959183,18.929159622263985,11.881844147494975,46.0
RBDS11,Residencial,0.0,0.11,55.0,0.0,265698.0,Alto,Arrojado,0.0002070019345271,0.89,0.0,0.0,12.490119368097616,4.02535169073515,65.0
RBED11,Outros,0.0,0.0,0.0,0.0,221443000.0,Médio,Moderado,0.0,1.0,0.0,0.0,19.215675782505507,0.0,62.0
RBFF11,Outros,0.0756,0.81,0.0,0.0,199646000.0,Médio,Moderado,0.0,0.1899999999999999,7.56,0.0933333333333333,19.112056361220308,0.0,42.0
RBFM11,Outros,0.0509,0.8,476093.0,0.0,196271000.0,Médio,Moderado,0.0024256920278594,0.1999999999999999,5.09,0.063625,19.09500692036644,13.073370592708743,42.0
RBFY11,Residencial,0.0102,0.79,1154.0,0.1605,72738500.0,Alto,Arrojado,1.586505083277769e-05,0.2099999999999999,0.0598240469208211,0.0129113924050632,18.10238138966712,7.051855622955894,79.08
RBGS11,Shoppings,0.0,0.31,0.0,0.1193999999999999,30669100.0,Alto,Arrojado,0.0,0.69,0.0,0.0,17.238766223629526,0.0,75.91
RBHG11,Outros,0.1481,0.74,328898.0,0.0,139920000.0,Médio,Moderado,0.0023506146369353,0.26,14.81,0.2001351351351351,18.756581395821563,12.703505991734705,42.0
RBHY11,Outros,0.1679,0.8,374204.0,0.0,140328000.0,Médio,Moderado,0.0026666381620204,0.1999999999999999,16.79,0.2098749999999999,18.759493104631915,12.832559054571446,52.0
RBIR11,Residencial,0.1586,0.96,95799.0,0.0,117749000.0,Médio,Moderado,0.0008135865272741,0.04,15.86,0.1652083333333333,18.584065806748377,11.470017963958952,47.0
RBIV11,Outros,0.0,0.97,0.0,0.0,181458000.0,Médio,Moderado,0.0,0.03,0.0,0.0,19.01653478544316,0.0,44.0
RBLG11,Logística,0.0643,0.54,31.0,0.0,11555600.0,Médio,Moderado,2.682681989684655e-06,0.4599999999999999,6.43,0.119074074074074,16.262680812454,3.4657359027997265,42.0
RBOP11,Outros,0.0766,0.3,12017.0,0.6955,22587700.0,Alto,Arrojado,0.0005320152118188,0.7,0.1085754783841247,0.2553333333333333,16.9329161125702,9.394160804893874,82.0
RBRD11,Multicategoria,0.1789,0.51,144916.0,0.1402,67201300.0,Alto,Arrojado,0.0021564463782694,0.49,1.191078561917443,0.3507843137254902,18.02320316542502,11.883916443718288,81.03
RBRF11,Outros,0.0546,0.78,0.0,0.0,909771000.0,Médio,Moderado,0.0,0.2199999999999999,5.46,0.0699999999999999,20.62870347855394,0.0,37.0
RBRI11,Multicategoria,0.0111,1.92,1035.0,0.0,83799000.0,Médio,Moderado,1.2350982708624208e-05,-0.92,1.11,0.00578125,18.243931644140204,6.943122422819428,60.0
RBRL11,Logística,0.1057,0.8,1683600.0,0.0,545461000.0,Baixo,Conservador,0.0030865634756655,0.1999999999999999,10.57,0.132125,20.11714186847273,14.336445509843688,19.0
RBRM11,Títulos e Val. Mob.,0.0,8.16,0.0,0.0,86240000.0,Médio,Moderado,0.0,-7.16,0.0,0.0,18.272644676720507,0.0,54.0
RBRP11,Outros,0.0933,0.63,1322010.0,0.1565,621139000.0,Médio,Moderado,0.0021283641825742,0.37,0.5603603603603603,0.148095238095238,20.247065448989115,14.094664620085323,62.47
RBRR11,Multicategoria,0.1171,0.89,4370700.0,0.0,1364010000.0,Baixo,Conservador,0.0032043020212461,0.1099999999999999,11.71,0.1315730337078652,21.03369472845224,15.290433966106471,23.0
RBRS11,Residencial,0.0602,0.45,90195.0,0.367,32871400.0,Alto,Arrojado,0.0027438746144064,0.55,0.159681697612732,0.1337777777777777,17.308113567184176,11.409740359169405,85.0
RBRX11,Multicategoria,0.1289,0.85,3104760.0,0.0,1219130000.0,Baixo,Conservador,0.0025467013361987,0.15,12.89,0.1516470588235294,20.921403327370463,14.948447297762373,31.0
RBRY11,Multicategoria,0.1483,0.92,6467250.0,0.0,1187560000.0,Baixo,Conservador,0.0054458301054262,0.0799999999999999,14.829999999999998,0.161195652173913,20.895166619754512,15.682261692107897,23.0
RBTS11,Multicategoria,0.0253,0.92,21.0,0.0,16112500.0,Médio,Moderado,1.3033359193173005e-06,0.0799999999999999,2.53,0.0274999999999999,16.59510598829319,3.091042453358316,42.0
RBVA11,Varejo,0.1148,0.87,2030550.0,0.0596999999999999,1453690000.0,Médio,Moderado,0.0013968246324869,0.13,1.647058823529412,0.1319540229885057,21.09737098906238,14.523817742759327,37.95
RBVO11,Lajes Corporativas,0.0,0.0,0.0,0.0,0.0,Médio,Moderado,0.0,1.0,0.0,0.0,0.0,0.0,60.0
RCFF11,Outros,0.0526,0.69,41.0,0.0,23596800.0,Médio,Moderado,1.737523732031462e-06,0.31,5.26,0.076231884057971,16.976621709960533,3.737669618283368,52.0
RCRB11,Escritórios,0.0805,0.71,1451580.0,0.0,518912000.0,Baixo,Conservador,0.0027973529230389,0.29,8.05,0.1133802816901408,20.06724487184081,14.188163865230155,31.0
RCRI11,Multicategoria,0.1067999999999999,0.99,32185.0,0.0,43185300.0,Baixo,Conservador,0.0007452767492642,0.01,10.68,0.1078787878787878,17.581010740684967,10.37928685437844,24.0
RDES11,Multicategoria,0.0,0.75,0.0,0.4702,43036000.0,Alto,Arrojado,0.0,0.25,0.0,0.0,17.5775475559323,0.0,80.0
RDIV11,Multicategoria,0.0144999999999999,1.02,0.0,0.0,225643000.0,Médio,Moderado,0.0,-0.02,1.45,0.0142156862745098,19.234464666694425,0.0,42.0
RDLI11,Logística,0.5385,0.79,3204.0,0.0,134694000.0,Médio,Moderado,2.3787251102499e-05,0.2099999999999999,53.85,0.681645569620253,18.718516104382896,8.07246736935477,42.0
RDPD11,Multicategoria,0.0,2.23,0.0,0.0,172391000.0,Médio,Moderado,0.0,-1.23,0.0,0.0,18.96527571645561,0.0,60.0
RECD11,Outros,0.1362,0.96,4992.0,0.0,36049500.0,Baixo,Conservador,0.0001384762618066,0.04,13.62,0.141875,17.400403579713164,8.51579221050061,34.0
RECM11,Multicategoria,0.1802,0.8,87631.0,0.0,61575800.0,Médio,Moderado,0.0014231402596474,0.1999999999999999,18.02,0.22525,17.935779510412452,11.380901507023502,50.0
RECR11,Multicategoria,0.1278999999999999,0.92,3370940.0,1.0,2169270000.0,Médio,Moderado,0.001553951329249,0.0799999999999999,0.1266336633663366,0.1390217391304347,21.49765654283277,15.030702491838174,53.0
RECT11,Multicategoria,0.1381,0.4,496378.0,0.0746,305430000.0,Médio,Moderado,0.0016251776184395,0.6,1.6323877068557922,0.34525,19.53723118102556,13.115095026824656,61.19
RECX11,Títulos e Val. Mob.,0.0,0.94,0.0,0.0,14843100.0,Médio,Moderado,0.0,0.06,0.0,0.0,16.513045736138086,0.0,36.0
REIT11,Outros,0.1962,0.31,5.0,0.0,2418770.0,Médio,Moderado,2.067166369683765e-06,0.69,19.62,0.6329032258064518,14.698770117893082,1.791759469228055,62.0
RELG11,Multicategoria,0.1435,0.73,420995.0,0.0,88868500.0,Médio,Moderado,0.0047372803636834,0.27,14.349999999999998,0.1965753424657534,18.30266831823809,12.950378611431734,40.0
REME11,Outros,0.0127,0.65,19868.0,0.0,41772100.0,Médio,Moderado,0.0004756284697202,0.35,1.27,0.0195384615384615,17.547739234466235,9.89691600715309,62.0
RENV11,Multicategoria,0.1142,0.43,7288.0,0.0,6345590.0,Médio,Moderado,0.0011485141649555,0.5700000000000001,11.42,0.2655813953488372,15.66327079900101,8.894121641382213,42.0
RFOF11,Outros,0.1155,0.91,0.0,0.0,49477200.0,Baixo,Conservador,0.0,0.0899999999999999,11.55,0.1269230769230769,17.717022535578085,0.0,26.0
RINV11,Multicategoria,0.12,0.99,371143.0,0.0,422159000.0,Baixo,Conservador,0.0008791545365608,0.01,12.0,0.1212121212121212,19.860892580657524,12.82434540644439,24.0
RMAI11,Multicategoria,0.1444,0.36,30797.0,0.133,202894000.0,Alto,Arrojado,0.0001517886186875,0.64,1.0097902097902096,0.4011111111111111,19.12819423807014,10.33520503178836,69.95
RMBS11,Multicategoria,0.0511,0.92,18731.0,0.0,22394700.0,Baixo,Conservador,0.0008364032561275,0.0799999999999999,5.11,0.0555434782608695,16.924334926339945,9.837988570303432,32.0
RNDP11,Títulos e Val. Mob.,0.0,0.72,0.0,0.0,4352980.0,Médio,Moderado,0.0,0.28,0.0,0.0,15.286371455719028,0.0,44.0
RNGO11,Escritórios,0.0886,0.61,45962.0,0.1341999999999999,136342000.0,Alto,Arrojado,0.0003371081544938,0.39,0.6144244105409155,0.1452459016393442,18.73067700033515,10.735592003983864,66.13
ROOF11,Multicategoria,0.0,1.15,0.0,0.0,25054900.0,Médio,Moderado,0.0,-0.1499999999999999,0.0,0.0,17.03658001506103,0.0,50.0
RPRI11,Outros,0.1431,0.79,770700.0,0.0,276801000.0,Médio,Moderado,0.0027843107503224,0.2099999999999999,14.31,0.1811392405063291,19.43880939803073,13.555055769286977,42.0
RRCI11,Outros,0.1261,0.99,218182.0,0.0,38661000.0,Baixo,Conservador,0.0056434649905589,0.01,12.61,0.1273737373737373,17.470341923804497,12.2930894391718,34.0
RSPD11,Residencial,0.1036999999999999,0.91,9227.0,0.0,104457000.0,Baixo,Conservador,8.833299826722957e-05,0.0899999999999999,10.37,0.1139560439560439,18.4642860710064,9.129997619293643,29.0
RURA11,Títulos e Val. Mob.,0.0102,0.86,3336320.0,0.0,1405670000.0,Médio,Moderado,0.0023734731480361,0.14,1.02,0.011860465116279,21.06377989510536,15.02037926085322,35.0
RVBI11,Outros,0.141,0.81,931734.0,0.0,615533000.0,Médio,Moderado,0.0015137027584223,0.1899999999999999,14.099999999999998,0.174074074074074,20.23799911872336,13.744803718472989,37.0
RZAG11,Títulos e Val. Mob.,0.0123,0.9,1619760.0,0.0,587869000.0,Baixo,Conservador,0.0027553077301235,0.0999999999999999,1.23,0.0136666666666666,20.192014693627133,14.29778916546062,31.0
RZAK11,Multicategoria,0.1568,0.95,1628220.0,0.0,738982000.0,Médio,Moderado,0.0022033283625311,0.05,15.68,0.1650526315789473,20.420784122729533,14.302998565717258,37.0
RZAT11,Multicategoria,0.1304,0.93,975063.0,0.4296,411858000.0,Médio,Moderado,0.0023674737409495,0.0699999999999999,0.2966333030027297,0.1402150537634408,19.836189190138672,13.790258388851347,62.0
RZDM11,Híbrido,0.0,4.15,0.0,0.0,88025600.0,Médio,Moderado,0.0,-3.1500000000000004,0.0,0.0,18.29313825058788,0.0,56.0
RZEO11,Outros,0.0235,0.94,0.0,0.0,599056000.0,Médio,Moderado,0.0,0.06,2.35,0.0249999999999999,20.21086564252776,0.0,39.0
RZLC11,Outros,0.1455,1.02,1698130.0,0.0,164120000.0,Baixo,Conservador,0.0103468803314647,-0.02,14.55,0.1426470588235294,18.91610843163136,14.345038792465305,34.0
RZTR11,Outros,0.1336,0.97,4204250.0,0.0,1681380000.0,Baixo,Conservador,0.0025004757996407,0.03,13.36,0.1377319587628866,21.242880722339947,15.25160671423952,25.0
RZZI11,Logística,0.0356999999999999,0.77,0.0,0.4571,111541000.0,Alto,Arrojado,0.0,0.2299999999999999,0.0764290301862556,0.0463636363636363,18.529902803244383,0.0,72.0
RZZR11,Logística,0.1092,0.75,48462.0,0.0004,736249000.0,Baixo,Conservador,6.582283982728669e-05,0.25,10.500000000000002,0.1456,20.417078936053088,10.788555899181572,19.06
RZZV11,Logística,0.0902,0.88,0.0,0.0,182217000.0,Baixo,Conservador,0.0,0.12,9.02,0.1025,19.020708847987013,0.0,24.0
SADI11,Multicategoria,0.0661,0.99,0.0,0.0,133497000.0,Baixo,Conservador,0.0,0.01,6.61,0.0667676767676767,18.70958957113277,0.0,32.0
SAIC11,Escritórios,0.0,0.86,0.0,1.0,48668300.0,Alto,Arrojado,0.0,0.14,0.0,0.0,17.700538472632413,0.0,84.0
SAPI11,Multicategoria,0.1568,0.9,260719.0,0.0,268139000.0,Médio,Moderado,0.0009723277852158,0.0999999999999999,15.68,0.1742222222222222,19.40701606446505,12.471202313511442,42.0
SARE11,Multicategoria,0.0054,0.94,0.0,0.3918999999999999,438631000.0,Alto,Arrojado,0.0,0.06,0.0134361781537695,0.0057446808510638,19.89916907316477,0.0,72.0
SCPF11,Shoppings,0.0066,0.27,1740.0,0.2475,11382000.0,Alto,Arrojado,0.000152872957301,0.73,0.025631067961165,0.0244444444444444,16.247543806003225,7.462214939768189,88.0
SDIL11,Logística,0.0,1.0,0.0,0.0,746822000.0,Baixo,Conservador,0.0,0.0,0.0,0.0,20.431337429562117,0.0,29.0
SDIP11,Lajes Corporativas,0.0,0.89,0.0,0.0,371533000.0,Médio,Moderado,0.0,0.1099999999999999,0.0,0.0,19.7331482499399,0.0,50.0
SEED11,Multicategoria,0.1167,1.08,0.0,0.0,164000000.0,Baixo,Conservador,0.0,-0.08,11.67,0.1080555555555555,18.915376991886035,0.0,24.0
SEQR11,Logística,0.1325,0.53,54403.0,0.0,86782700.0,Médio,Moderado,0.000626887617002,0.47,13.25,0.25,18.278917862533223,10.904192959552644,42.0
SHDP11B,Shoppings,0.8451000000000001,1.25,0.0,0.0066,1439630000.0,Médio,Moderado,0.0,-0.25,50.90963855421687,0.6760800000000001,21.08765197376862,0.0,39.99
SHOP11,Shoppings,0.0,1.08,60222.0,0.133,84580900.0,Médio,Moderado,0.0007120047197416,-0.08,0.0,0.0,18.253219042588437,11.005809618131316,59.95
SHPH11,Shoppings,0.0668,0.85,49352.0,0.0113,535876000.0,Baixo,Conservador,9.20959326411334e-05,0.15,3.136150234741784,0.0785882352941176,20.099413350853613,10.80675383328753,34.7
SHPP11,Multicategoria,0.0698,1.08,156.0,0.0,561742000.0,Baixo,Conservador,2.7770755969822445e-07,-0.08,6.98,0.0646296296296296,20.14655322949798,5.056245805348308,27.0
SIGR11,Multicategoria,0.0128,1.03,0.0,0.0,200302000.0,Médio,Moderado,0.0,-0.03,1.28,0.0124271844660194,19.115336790601123,0.0,42.0
SJAU11,Hospital,0.0,0.28,3363.0,0.0,3252220.0,Médio,Moderado,0.0010340628862746,0.72,0.0,0.0,14.994848705520369,8.120886021092838,54.0
SMRE11,Multicategoria,0.2326,0.49,305992.0,0.0,51898500.0,Médio,Moderado,0.0058959700184013,0.51,23.26,0.4746938775510205,17.76480046525273,12.631317504855868,60.0
SNAG11,Multicategoria,0.0381,1.01,2114740.0,0.0,633522000.0,Médio,Moderado,0.0033380687647784,-0.01,3.81,0.0377227722772277,20.26680528640419,14.564442904335005,37.0
SNCI11,Outros,0.1358,0.9,527998.0,0.0,366660000.0,Baixo,Conservador,0.0014400207276495,0.0999999999999999,13.58,0.1508888888888889,19.71994554882648,13.176849668747211,34.0
SNCR11,Multicategoria,0.0,1.02,0.0,0.0,472992000.0,Médio,Moderado,0.0,-0.02,0.0,0.0,19.97458903510814,0.0,42.0
SNEL11,Outros,0.1408,1.05,4457730.0,0.0,931758000.0,Baixo,Conservador,0.0047842143560881,-0.05,14.08,0.1340952380952381,20.65258368335412,15.31015045014729,29.0
SNFF11,Outros,0.1311999999999999,0.85,875567.0,0.0,298532000.0,Médio,Moderado,0.0029329083649324,0.15,13.119999999999996,0.1543529411764705,19.514387691080927,13.682628097594806,42.0
SNFZ11,Multicategoria,0.0343,0.96,612300.0,0.0,60163700.0,Médio,Moderado,0.0101772331156494,0.04,3.43,0.0357291666666666,17.91257975499554,13.324979270651058,42.0
SNLG11,Logística,0.0,0.61,0.0,0.0,3137160.0,Médio,Moderado,0.0,0.39,0.0,0.0,14.958828808775827,0.0,52.0
SNME11,Multicategoria,0.1506,0.98,158378.0,0.0,69954000.0,Médio,Moderado,0.002264030648712,0.02,15.06,0.1536734693877551,18.063348455438597,11.972746173815944,42.0
SOFF11,Outros,0.0,0.92,3171.0,0.0,173858000.0,Médio,Moderado,1.8239022650668937e-05,0.0799999999999999,0.0,0.0,18.973749437792275,8.06211758275474,44.0
SOLR11,Escritórios,0.0,1.14,0.0,0.0,68899200.0,Médio,Moderado,0.0,-0.1399999999999999,0.0,0.0,18.04815513939996,0.0,54.0
SPDE11,Residencial,0.1016,0.82,0.0,0.0,115774000.0,Médio,Moderado,0.0,0.18,10.16,0.1239024390243902,18.567150581487983,0.0,37.0
SPG211,Logística,0.0361,0.98,7523.0,0.0,88147900.0,Baixo,Conservador,8.534519824068413e-05,0.02,3.61,0.0368367346938775,18.294526654840023,8.925853190420922,34.0
SPMO11,Multicategoria,0.0,0.7,5864.0,0.0,217774000.0,Médio,Moderado,2.692699771322564e-05,0.3,0.0,0.0,19.198968390355297,8.676757761087575,50.0
SPTW11,Outros,0.1412,0.7,79748.0,0.0,68252100.0,Médio,Moderado,0.0011684329126869,0.3,14.12,0.2017142857142857,18.038718775438312,11.286639481383522,42.0
SPXS11,Multicategoria,0.143,0.89,480747.0,0.0,169992000.0,Médio,Moderado,0.0028280566144289,0.1099999999999999,14.3,0.1606741573033708,18.951261940966337,13.083098503275966,40.0
SRVD11,Multicategoria,0.0,18.29,0.0,0.0,288858000.0,Médio,Moderado,0.0,-17.29,0.0,0.0,19.481445779305933,0.0,60.0
STRX11,Shoppings,0.0761,0.93,0.0,0.0499,229061000.0,Médio,Moderado,0.0,0.0699999999999999,1.2704507512520868,0.0818279569892473,19.249498905958347,0.0,37.48
TBOF11,Lajes Corporativas,0.0,486.34,0.0,0.1537,1020080000.0,Alto,Arrojado,0.0,-485.34,0.0,0.0,20.743146893519874,0.0,74.05
TELM11,Multicategoria,0.1567,0.96,19150.0,0.3963,29919800.0,Alto,Arrojado,0.0006400443853234,0.04,0.3856756091557962,0.1632291666666666,17.214031059978915,9.86011021256656,72.0
TEPP11,Lajes Corporativas,0.1336,0.86,1852670.0,0.3015,410828000.0,Alto,Arrojado,0.0045096001246263,0.14,0.4288924558587479,0.1553488372093023,19.833685195818436,14.432138939584592,70.0
TGAR11,Multicategoria,0.1857,0.51,8152370.0,0.0,1328060000.0,Médio,Moderado,0.0061385554869508,0.49,18.57,0.3641176470588235,21.006985068455904,15.913819363153356,51.0
THRA11,Lajes Corporativas,0.0,14.52,0.0,0.0,203973000.0,Médio,Moderado,0.0,-13.52,0.0,0.0,19.1334981950105,0.0,60.0
TJKB11,Hospital,0.1352,0.89,71567.0,0.0,536513000.0,Baixo,Conservador,0.0001333928534816,0.1099999999999999,13.519999999999998,0.1519101123595505,20.100601352733023,11.17840332567263,29.0
TMPS11,Outros,0.1176,0.9,211125.0,0.0,73177900.0,Baixo,Conservador,0.0028850923571187,0.0999999999999999,11.76,0.1306666666666666,18.108404034443787,12.260210390629377,26.0
TOPP11,Outros,0.1571,0.6,848386.0,0.0,286955000.0,Médio,Moderado,0.0029565123451412,0.4,15.71,0.2618333333333333,19.474835970490144,13.6510921785944,62.0
TORD11,Multicategoria,0.1405,0.03,21122.0,0.0,6718220.0,Médio,Moderado,0.0031439875443197,0.97,14.05,4.683333333333335,15.720333945308736,9.958117773187244,50.0
TOUR11,Residencial,0.0,0.0,0.0,0.0,0.0,Alto,Arrojado,0.0,1.0,0.0,0.0,0.0,0.0,65.0
TRBL11,Logística,0.1296,0.77,3757710.0,0.3284,474948000.0,Médio,Moderado,0.0079118345587306,0.2299999999999999,0.3829787234042553,0.1683116883116883,19.97871588442752,15.13932055339062,62.0
TRCO11,Multicategoria,0.0012,1.05,0.0,0.0,36720000.0,Médio,Moderado,0.0,-0.05,0.1199999999999999,0.0011428571428571,17.41883215094968,0.0,42.0
TRNT11,Escritórios,0.0,0.69,5629.0,0.2627,452550000.0,Alto,Arrojado,1.2438404596177218e-05,0.31,0.0,0.0,19.930408814447155,8.635864721133736,94.0
TRXB11,Multicategoria,0.151,1.82,5325050.0,0.0,729160000.0,Médio,Moderado,0.0073029924845027,-0.8200000000000001,15.1,0.0829670329670329,20.40740374600044,15.487932846978689,55.0
TRXF11,Multicategoria,0.1286999999999999,0.92,24798100.0,0.0,5668710000.0,Baixo,Conservador,0.0043745578800115,0.0799999999999999,12.869999999999996,0.139891304347826,22.458227415749903,17.026277635622737,23.0
TRXL11,Multicategoria,0.0,1.0,0.0,0.0289,4471100000.0,Médio,Moderado,0.0,0.0,0.0,0.0,22.220900300532783,0.0,37.34
TRXY11,Multicategoria,0.1552,0.95,188213.0,0.0,300760000.0,Médio,Moderado,0.0006257913286341,0.05,15.52,0.1633684210526315,19.52182316579901,12.145334892314624,42.0
TSER11,Escritórios,0.1232,1.13,113.0,0.0,160434000.0,Médio,Moderado,7.04339479162771e-07,-0.1299999999999999,12.32,0.1090265486725663,18.893393207242116,4.736198448394496,44.0
TSNC11,Multicategoria,0.0,0.75,4.0,1.0,63902700.0,Alto,Arrojado,6.25951642105889e-08,0.25,0.0,0.0,17.972872187625025,1.6094379124341005,80.0
TVRI11,Escritórios,0.1373,0.87,1350590.0,0.0518,1441210000.0,Médio,Moderado,0.0009371222791959,0.13,2.22168284789644,0.157816091954023,21.08874887617023,14.116052832395656,42.77
UBSR11,Multicategoria,0.0,1.14,0.0,1.0002,2710270000.0,Alto,Arrojado,0.0,-0.1399999999999999,0.0,0.0,21.72031409824046,0.0,71.0
URHF11,Multicategoria,0.2028,0.66,9101.0,0.0,7138460.0,Médio,Moderado,0.0012749248437338,0.3399999999999999,20.28,0.3072727272727273,15.781007764863856,9.116249448576587,60.0
URPR11,Outros,0.1924,0.26,777023.0,0.0,261783000.0,Médio,Moderado,0.0029681950317629,0.74,19.24,0.7399999999999999,19.383026478086723,13.563226516903647,62.0
VCJR11,Outros,0.1367,0.81,2767880.0,0.0,1130800000.0,Baixo,Conservador,0.0024477184294304,0.1899999999999999,13.669999999999998,0.1687654320987654,20.84619118466804,14.833592603466064,33.0
VCRA11,Títulos e Val. Mob.,0.0121,0.61,584090.0,0.0,285742000.0,Médio,Moderado,0.002044116720678,0.39,1.21,0.0198360655737704,19.47059986724651,13.277812071589198,54.0
VCRI11,Outros,0.1496,0.77,362052.0,0.0,150380000.0,Médio,Moderado,0.0024075807953185,0.2299999999999999,14.96,0.1942857142857143,18.828675988563976,12.79954588893096,42.0
VCRR11,Logística,0.0935999999999999,0.56,266126.0,0.0,116600000.0,Baixo,Conservador,0.002282384219554,0.4399999999999999,9.36,0.1671428571428571,18.574259840457,12.491728917432924,34.0
VERE11,Multicategoria,0.1185,0.84,0.0,0.2837,285539000.0,Médio,Moderado,0.0,0.16,0.4034729315628191,0.1410714285714285,19.469889183685066,0.0,62.0
VGHF11,Outros,0.1518,0.7,4471310.0,0.0,986683000.0,Médio,Moderado,0.0045316580907951,0.3,15.179999999999998,0.2168571428571428,20.709859371544805,15.313192212179665,47.0
VGIA11,Outros,0.0454,1.01,2443390.0,0.0,840344000.0,Médio,Moderado,0.0029076068847995,-0.01,4.54,0.0449504950495049,20.54932189096916,14.708897386553318,39.0
VGII11,Multicategoria,0.1488,1.01,20.0,0.0,37705900.0,Baixo,Conservador,5.304209686017308e-07,-0.01,14.88,0.1473267326732673,17.445327165368386,3.044522437723423,32.0
VGIP11,Multicategoria,0.1348,0.88,2870180.0,0.0,950641000.0,Médio,Moderado,0.0030192049364586,0.12,13.48,0.1531818181818182,20.67264705292033,14.869885651949303,35.0
VGIR11,Multicategoria,0.1557,0.99,5201880.0,0.0,1415720000.0,Baixo,Conservador,0.0036743706382618,0.01,15.57,0.1572727272727273,21.070904073258145,15.464530848912084,33.0
VGRI11,Outros,0.2142,0.69,656651.0,0.2659,210130000.0,Alto,Arrojado,0.0031249750154666,0.31,0.7763682493657122,0.3104347826086957,19.16323694952881,13.39490947677125,92.0
VHFA11,Outros,0.0451,1.09,209312.0,0.0,104283000.0,Médio,Moderado,0.0020071536108474,-0.09,4.51,0.0413761467889908,18.46261892490471,12.251586018306476,44.0
VIFI11,Títulos e Val. Mob.,0.0,0.94,0.0,0.0,60911600.0,Médio,Moderado,0.0,0.06,0.0,0.0,17.924934207149548,0.0,36.0
VILG11,Logística,0.0953,0.85,3538050.0,0.0051,1422500000.0,Baixo,Conservador,0.0024872056239015,0.15,6.311258278145695,0.1121176470588235,21.07568172466775,15.07908656852166,15.77
VINO11,Multicategoria,0.1234,0.48,666813.0,0.1882,391768000.0,Alto,Arrojado,0.0017020609136019,0.52,0.622603430877901,0.2570833333333333,19.78618038836808,13.410266425439207,78.23
VISC11,Shoppings,0.0924,0.91,9908230.0,0.0574,3055550000.0,Baixo,Conservador,0.0032426993503624,0.0899999999999999,1.3709198813056378,0.1015384615384615,21.84022544642652,16.108876383812948,21.61
VIUR11,Outros,0.0956,0.71,644058.0,0.0,67096100.0,Baixo,Conservador,0.009599037798024,0.29,9.56,0.1346478873239436,18.02163649295108,13.375545615796934,34.0
VJFD11,Outros,0.0874,0.74,65.0,0.0,619073000.0,Baixo,Conservador,1.0499569517649777e-07,0.26,8.74,0.1181081081081081,20.243733757459367,4.189654742026425,29.0
VLOL11,Lajes Corporativas,0.0,0.88,0.0,0.0,174913000.0,Médio,Moderado,0.0,0.12,0.0,0.0,18.97979927113129,0.0,50.0
VOTS11,Multicategoria,0.1151,0.99,86862.0,0.0,76134900.0,Baixo,Conservador,0.0011408959622984,0.01,11.51,0.1162626262626262,18.148017337934327,11.372087443829932,24.0
VPSI11,Shoppings,0.1437,0.67,0.0,0.0,180649000.0,Médio,Moderado,0.0,0.3299999999999999,14.37,0.2144776119402985,19.012066485512182,0.0,48.0
VRTA11,Outros,0.1336,0.9,1742310.0,0.0,1176920000.0,Baixo,Conservador,0.0014803979879685,0.0999999999999999,13.36,0.1484444444444444,20.88616669435044,14.370722950884725,25.0
VRTM11,Multicategoria,0.1515,0.74,328635.0,0.0,330208000.0,Médio,Moderado,0.0009952363358852,0.26,15.15,0.2047297297297297,19.615233319925974,12.702706034275328,50.0
VSEC11,Títulos e Val. Mob.,0.0,0.07,0.0,0.0,13174.0,Médio,Moderado,0.0,0.93,0.0,0.0,9.486076373409563,0.0,54.0
VSHO11,Shoppings,0.1141,0.64,73280.0,0.104,153884000.0,Médio,Moderado,0.0004762028540978,0.36,1.0008771929824565,0.17828125,18.85170963629018,11.202056645543111,55.6
VSLH11,Multicategoria,0.2016,0.16,109722.0,0.0,49873000.0,Médio,Moderado,0.0022000280713011,0.84,20.16,1.26,17.72499035217057,11.605714287003666,60.0
VTLT11,Logística,0.1148,0.98,0.0,0.0,188193000.0,Baixo,Conservador,0.0,0.02,11.48,0.1171428571428571,19.052978595263557,0.0,16.0
VTPL11,Outros,0.073,0.55,0.0,0.0,91353300.0,Médio,Moderado,0.0,0.4499999999999999,7.3,0.1327272727272727,18.33024497587706,0.0,52.0
VVCR11,Multicategoria,0.1263,0.92,74949.0,0.0,174198000.0,Baixo,Conservador,0.0004302517824544,0.0799999999999999,12.63,0.1372826086956521,18.975703147001106,11.224576503530743,32.0
VVMR11,Multicategoria,0.0152,1.0,10667.0,0.0283,239970000.0,Médio,Moderado,4.4451389757052965e-05,0.0,0.3968668407310705,0.0152,19.296024477660303,9.275003885301905,46.24
VVPR11,Híbrido,0.0,1.04,0.0,0.0,234036000.0,Médio,Moderado,0.0,-0.04,0.0,0.0,19.27098551191556,0.0,38.0
VVRI11,Multicategoria,0.0639,1.17,1415860.0,0.7397,163414000.0,Alto,Arrojado,0.0086642515329163,-0.1699999999999999,0.0852340936374549,0.0546153846153846,18.911797422153903,14.163248384575608,70.0
VXXV11,Outros,0.0,1.75,14851700.0,0.9,364141000.0,Alto,Arrojado,0.0407855748185455,-0.75,0.0,0.0,19.713051715979027,16.5136249621077,92.0
WHGR11,Multicategoria,0.1202999999999999,0.94,269949.0,0.0,288413000.0,Baixo,Conservador,0.0009359806943515,0.06,12.03,0.1279787234042553,19.479904042109357,12.505992035646432,32.0
WPLZ11,Shoppings,0.1115,0.87,4533.0,0.091,56070800.0,Médio,Moderado,8.084421838104682e-05,0.13,1.103960396039604,0.1281609195402298,17.8421257537121,8.419359831067474,43.65
WSEC11,Outros,0.0828,0.96,0.0,0.0,3463680.0,Baixo,Conservador,0.0,0.04,8.28,0.08625,15.057842454354628,0.0,26.0
WTSP11,Multicategoria,0.0681,0.69,5921.0,0.0281,80507200.0,Médio,Moderado,7.354621698431942e-05,0.31,1.787401574803149,0.098695652173913,18.20385719180422,8.686429508661536,54.22
XLPR11,Outros,0.109,0.92,79681.0,0.0,34252900.0,Baixo,Conservador,0.0023262555871181,0.0799999999999999,10.9,0.1184782608695652,17.34928181981553,11.285798992345075,26.0
XPCA11,Multicategoria,0.0366,0.82,772261.0,0.0,359177000.0,Médio,Moderado,0.0021500847771433,0.18,3.66,0.0446341463414634,19.699325863945976,13.557079149669487,50.0
XPCI11,Outros,0.1307,0.93,2026300.0,0.0,718748000.0,Baixo,Conservador,0.0028192078447522,0.0699999999999999,13.07,0.1405376344086021,20.393021368854576,14.521722521363635,29.0
XPCM11,Escritórios,0.0,0.42,18851.0,0.514,20475600.0,Alto,Arrojado,0.0009206567817304,0.5800000000000001,0.0,0.0,16.834744540141973,9.84437428804362,94.0
XPHT11,Hotel,0.0,1.78,0.0,0.0,1133880000.0,Médio,Moderado,0.0,-0.78,0.0,0.0,20.848911217428736,0.0,59.0
XPIN11,Logística,0.14,0.7,979716.0,0.0601,451907000.0,Médio,Moderado,0.0021679593367661,0.3,1.9971469329529248,0.2,19.928986966627072,13.795019033432874,41.02
XPLG11,Logística,0.1039,0.89,7346590.0,0.0934,4823990000.0,Baixo,Conservador,0.0015229281155226,0.1099999999999999,1.004835589941973,0.1167415730337078,22.296867223607958,15.809746954072304,29.01
XPML11,Shoppings,0.1032,0.96,17184100.0,0.9181,6816650000.0,Médio,Moderado,0.0025209010290978,0.04,0.111194914341127,0.1075,22.642633985923048,16.659495153833976,43.0
XPPR11,Escritórios,0.0,0.29,0.0,0.4393999999999999,91744800.0,Alto,Arrojado,0.0,0.71,0.0,0.0,18.334521378443306,0.0,94.0
XPSF11,Outros,0.1252,0.8,387338.0,0.0,277134000.0,Médio,Moderado,0.0013976560075631,0.1999999999999999,12.52,0.1565,19.44001170530112,12.867055557567232,42.0
XTED11,Multicategoria,0.0,0.59,0.0,0.0,87318000.0,Médio,Moderado,0.0,0.41,0.0,0.0,18.28506719657591,0.0,60.0
YCHY11,Multicategoria,0.0,9.89,0.0,0.0,4235040000.0,Médio,Moderado,0.0,-8.89,0.0,0.0,22.166658610342303,0.0,51.0
YUFI11,Residencial,0.0,0.38,0.0,0.0,7389750.0,Alto,Arrojado,0.0,0.62,0.0,0.0,15.815604598175396,0.0,65.0
ZAGH11,Multicategoria,0.0705,1.03,1484.0,0.0,98485200.0,Baixo,Conservador,1.5068253910232196e-05,-0.03,7.049999999999999,0.0684466019417475,18.405416851199785,7.3031700512368,32.0
ZAVC11,Outros,0.1673,0.9,9308.0,0.0,32492600.0,Médio,Moderado,0.0002864652259283,0.0999999999999999,16.73,0.1858888888888889,17.296522959842683,9.13873695311649,44.0
ZAVI11,Multicategoria,0.1375,0.72,56445.0,0.0042,114399000.0,Médio,Moderado,0.0004934046626281,0.28,9.683098591549296,0.1909722222222222,18.55520290435436,10.941039707899774,40.63
ZIFI11,Outros,0.0,0.51,66.0,0.0,42736000.0,Médio,Moderado,1.5443654062149008e-06,0.49,0.0,0.0,17.570552237731356,4.204692619390966,62.0
